-- --------------------------------------------------------
-- Host:                         127.0.0.1
-- Server version:               8.0.44 - MySQL Community Server - GPL
-- Server OS:                    Win64
-- HeidiSQL Version:             12.13.0.7147
-- --------------------------------------------------------

/*!40101 SET @OLD_CHARACTER_SET_CLIENT=@@CHARACTER_SET_CLIENT */;
/*!40101 SET NAMES utf8 */;
/*!50503 SET NAMES utf8mb4 */;
/*!40103 SET @OLD_TIME_ZONE=@@TIME_ZONE */;
/*!40103 SET TIME_ZONE='+00:00' */;
/*!40014 SET @OLD_FOREIGN_KEY_CHECKS=@@FOREIGN_KEY_CHECKS, FOREIGN_KEY_CHECKS=0 */;
/*!40101 SET @OLD_SQL_MODE=@@SQL_MODE, SQL_MODE='NO_AUTO_VALUE_ON_ZERO' */;
/*!40111 SET @OLD_SQL_NOTES=@@SQL_NOTES, SQL_NOTES=0 */;


-- Dumping database structure for quiz_db
DROP DATABASE IF EXISTS `quiz_db`;
CREATE DATABASE IF NOT EXISTS `quiz_db` /*!40100 DEFAULT CHARACTER SET utf8mb4 COLLATE utf8mb4_general_ci */ /*!80016 DEFAULT ENCRYPTION='N' */;
USE `quiz_db`;

-- Dumping structure for table quiz_db.answer
DROP TABLE IF EXISTS `answer`;
CREATE TABLE IF NOT EXISTS `answer` (
  `answer_id` int NOT NULL AUTO_INCREMENT,
  `question_id` int NOT NULL,
  `option_id` int NOT NULL,
  `created_at` timestamp NULL DEFAULT CURRENT_TIMESTAMP,
  PRIMARY KEY (`answer_id`),
  UNIQUE KEY `question_id` (`question_id`,`option_id`),
  KEY `option_id` (`option_id`),
  KEY `idx_answer_question` (`question_id`),
  CONSTRAINT `answer_ibfk_1` FOREIGN KEY (`question_id`) REFERENCES `question` (`question_id`),
  CONSTRAINT `answer_ibfk_2` FOREIGN KEY (`option_id`) REFERENCES `option_master` (`option_id`)
) ENGINE=InnoDB AUTO_INCREMENT=101 DEFAULT CHARSET=utf8mb4 COLLATE=utf8mb4_general_ci;

-- Dumping data for table quiz_db.answer: ~121 rows (approximately)
INSERT INTO `answer` (`answer_id`, `question_id`, `option_id`, `created_at`) VALUES
	(1, 1, 1, '2026-01-25 17:45:47'),
	(2, 2, 4, '2026-01-25 17:54:44'),
	(3, 3, 7, '2026-01-25 18:01:35'),
	(4, 4, 9, '2026-01-25 18:12:05'),
	(7, 5, 16, '2026-01-25 18:18:20'),
	(8, 6, 18, '2026-01-25 18:23:34'),
	(9, 7, 24, '2026-01-25 18:28:00'),
	(10, 8, 28, '2026-01-25 18:32:21'),
	(11, 9, 32, '2026-01-25 18:36:55'),
	(12, 10, 34, '2026-01-25 18:41:39'),
	(13, 11, 36, '2026-01-25 18:47:53'),
	(14, 12, 37, '2026-01-25 18:48:15'),
	(15, 12, 38, '2026-01-25 18:48:15'),
	(16, 13, 42, '2026-01-25 18:48:42'),
	(17, 14, 44, '2026-01-25 18:48:57'),
	(18, 15, 45, '2026-01-25 18:49:05'),
	(19, 16, 50, '2026-01-25 18:49:14'),
	(20, 17, 51, '2026-01-25 18:49:22'),
	(21, 18, 53, '2026-01-25 18:49:29'),
	(22, 19, 56, '2026-01-25 18:49:52'),
	(23, 20, 60, '2026-01-25 18:50:02'),
	(24, 21, 64, '2026-01-25 18:53:10'),
	(25, 22, 68, '2026-01-25 18:53:24'),
	(26, 23, 70, '2026-01-25 18:53:33'),
	(27, 24, 72, '2026-01-25 18:53:41'),
	(28, 25, 74, '2026-01-25 18:53:50'),
	(29, 26, 79, '2026-01-25 18:54:01'),
	(30, 27, 83, '2026-01-25 18:54:15'),
	(31, 28, 84, '2026-01-25 18:54:29'),
	(32, 29, 89, '2026-01-25 18:54:41'),
	(33, 30, 94, '2026-01-25 18:54:52'),
	(34, 31, 97, '2026-01-25 18:58:51'),
	(35, 32, 101, '2026-01-25 18:59:06'),
	(36, 33, 105, '2026-01-25 18:59:17'),
	(37, 34, 107, '2026-01-25 18:59:26'),
	(38, 35, 108, '2026-01-25 18:59:35'),
	(39, 36, 113, '2026-01-25 18:59:43'),
	(40, 37, 114, '2026-01-25 18:59:53'),
	(41, 38, 116, '2026-01-25 19:00:04'),
	(42, 39, 118, '2026-01-25 19:00:13'),
	(43, 40, 120, '2026-01-25 19:02:01'),
	(44, 40, 121, '2026-01-25 19:02:01'),
	(45, 40, 122, '2026-01-25 19:02:01'),
	(46, 41, 124, '2026-01-25 19:05:48'),
	(47, 42, 127, '2026-01-25 19:05:57'),
	(48, 43, 133, '2026-01-25 19:06:53'),
	(49, 44, 136, '2026-01-25 19:07:26'),
	(50, 45, 137, '2026-01-25 19:07:45'),
	(51, 46, 139, '2026-01-25 19:08:00'),
	(52, 47, 142, '2026-01-25 19:08:14'),
	(53, 48, 144, '2026-01-25 19:08:31'),
	(54, 49, 145, '2026-01-25 19:09:37'),
	(55, 50, 147, '2026-01-25 19:09:55'),
	(56, 51, 149, '2026-01-25 19:12:09'),
	(57, 52, 152, '2026-01-25 19:13:16'),
	(58, 53, 154, '2026-01-25 19:13:29'),
	(59, 54, 155, '2026-01-25 19:13:40'),
	(60, 55, 158, '2026-01-25 19:13:55'),
	(61, 56, 159, '2026-01-25 19:14:09'),
	(62, 57, 162, '2026-01-25 19:14:23'),
	(63, 58, 164, '2026-01-25 19:14:40'),
	(64, 59, 165, '2026-01-25 19:14:55'),
	(65, 60, 167, '2026-01-25 19:15:35'),
	(66, 61, 170, '2026-02-13 02:56:03'),
	(67, 62, 175, '2026-02-13 02:58:13'),
	(68, 63, 176, '2026-02-13 02:59:59'),
	(69, 64, 181, '2026-02-13 03:01:32'),
	(70, 64, 182, '2026-02-13 03:01:32'),
	(71, 65, 185, '2026-02-13 03:03:48'),
	(72, 66, 190, '2026-02-13 03:05:19'),
	(73, 67, 193, '2026-02-13 03:07:29'),
	(74, 67, 194, '2026-02-13 03:07:29'),
	(75, 68, 197, '2026-02-13 03:08:18'),
	(76, 69, 200, '2026-02-13 03:09:24'),
	(77, 70, 206, '2026-02-13 03:12:14'),
	(78, 71, 210, '2026-02-28 11:02:30'),
	(79, 72, 211, '2026-02-28 11:02:30'),
	(80, 73, 216, '2026-02-28 11:02:30'),
	(81, 74, 220, '2026-02-28 11:02:30'),
	(82, 75, 224, '2026-02-28 11:02:30'),
	(83, 76, 227, '2026-02-28 11:02:30'),
	(84, 77, 231, '2026-02-28 11:02:30'),
	(85, 78, 232, '2026-02-28 11:02:30'),
	(86, 78, 234, '2026-02-28 11:02:30'),
	(87, 79, 237, '2026-02-28 11:02:31'),
	(88, 79, 239, '2026-02-28 11:02:31'),
	(89, 80, 245, '2026-02-28 11:02:31'),
	(90, 81, 247, '2026-02-28 12:12:25'),
	(91, 82, 251, '2026-02-28 12:12:25'),
	(92, 83, 252, '2026-02-28 12:12:25'),
	(93, 84, 257, '2026-02-28 12:12:25'),
	(94, 85, 258, '2026-02-28 12:12:25'),
	(95, 85, 262, '2026-02-28 12:12:25'),
	(96, 86, 263, '2026-02-28 12:12:25'),
	(97, 87, 266, '2026-02-28 12:12:25'),
	(98, 88, 271, '2026-02-28 12:12:25'),
	(99, 89, 273, '2026-02-28 12:12:25'),
	(100, 90, 279, '2026-02-28 12:12:25'),
	(101, 91, 283, '2026-03-01 03:49:05'),
	(102, 92, 285, '2026-03-01 03:49:05'),
	(103, 92, 288, '2026-03-01 03:49:05'),
	(104, 93, 290, '2026-03-01 03:49:05'),
	(105, 93, 291, '2026-03-01 03:49:05'),
	(106, 94, 296, '2026-03-01 03:49:05'),
	(107, 95, 299, '2026-03-01 03:49:05'),
	(108, 96, 301, '2026-03-01 03:49:05'),
	(109, 97, 304, '2026-03-01 03:49:05'),
	(110, 98, 307, '2026-03-01 03:49:05'),
	(111, 99, 309, '2026-03-01 03:49:05'),
	(112, 100, 315, '2026-03-01 03:49:05'),
	(113, 101, 318, '2026-03-01 04:16:34'),
	(114, 102, 319, '2026-03-01 04:16:34'),
	(115, 103, 321, '2026-03-01 04:16:34'),
	(116, 104, 325, '2026-03-01 04:16:34'),
	(117, 105, 329, '2026-03-01 04:16:34'),
	(118, 106, 336, '2026-03-01 04:16:34'),
	(119, 107, 337, '2026-03-01 04:16:34'),
	(120, 108, 339, '2026-03-01 04:16:34'),
	(121, 109, 342, '2026-03-01 04:16:34'),
	(122, 110, 345, '2026-03-01 04:16:34'),
	(123, 110, 346, '2026-03-01 04:16:34');

-- Dumping structure for table quiz_db.app_user
DROP TABLE IF EXISTS `app_user`;
CREATE TABLE IF NOT EXISTS `app_user` (
  `user_id` bigint NOT NULL AUTO_INCREMENT,
  `username` varchar(100) NOT NULL,
  `password` varchar(255) NOT NULL,
  `role` varchar(20) NOT NULL,
  `is_active` tinyint(1) DEFAULT '1',
  `created_at` timestamp NULL DEFAULT CURRENT_TIMESTAMP,
  PRIMARY KEY (`user_id`),
  UNIQUE KEY `username` (`username`)
) ENGINE=InnoDB AUTO_INCREMENT=10 DEFAULT CHARSET=utf8mb4 COLLATE=utf8mb4_0900_ai_ci;

-- Dumping data for table quiz_db.app_user: ~3 rows (approximately)
INSERT INTO `app_user` (`user_id`, `username`, `password`, `role`, `is_active`, `created_at`) VALUES
	(1, 'admin', 'admin@123', 'ADMIN', 1, '2026-01-26 09:24:19'),
	(2, 'shubham', 'shubham@123', 'USER', 1, '2026-01-26 09:27:33'),
	(3, 'shubha', 'shubbha@123', 'USER', 1, '2026-01-27 18:37:16');

-- Dumping structure for table quiz_db.explanation
DROP TABLE IF EXISTS `explanation`;
CREATE TABLE IF NOT EXISTS `explanation` (
  `explanation_id` int NOT NULL AUTO_INCREMENT,
  `question_id` int NOT NULL,
  `explanation_text` text CHARACTER SET utf8mb4 COLLATE utf8mb4_general_ci NOT NULL,
  `created_at` timestamp NULL DEFAULT CURRENT_TIMESTAMP,
  `is_active` int DEFAULT '1',
  PRIMARY KEY (`explanation_id`),
  UNIQUE KEY `question_id` (`question_id`),
  CONSTRAINT `explanation_ibfk_1` FOREIGN KEY (`question_id`) REFERENCES `question` (`question_id`)
) ENGINE=InnoDB AUTO_INCREMENT=93 DEFAULT CHARSET=utf8mb4 COLLATE=utf8mb4_general_ci;

-- Dumping data for table quiz_db.explanation: ~110 rows (approximately)
INSERT INTO `explanation` (`explanation_id`, `question_id`, `explanation_text`, `created_at`, `is_active`) VALUES
	(1, 1, 'Correct Answer is YES. \n\nExplanation:\nAzure Web Apps (Azure App Service) is a Platform as a Service (PaaS) offering.\nOne of the built-in features of App Service is automatic scaling:\n	Scale out/in (number of instances)\n	Scale up/down (pricing tier)\nScaling can be based on:\n	CPU usage\n	Memory\n	HTTP queue length\n	Schedules\nSo the platform does have the ability to scale automatically.', '2026-01-25 17:48:46', 1),
	(2, 2, 'Correct answer: No\r\n \r\nExplanation\r\nEven if both virtual machines are the same size (D2s_v3), they will not always generate the same monthly cost because Azure \r\nVM costs depend on usage and configuration, such as:\r\n	Running time (24×7 vs stopped/deallocated)\r\n	OS type (Windows costs more than Linux due to licensing)\r\n	Region (prices vary by region)\r\n	Attached resources (disks, public IPs, backups)\r\n	Billing model (pay-as-you-go vs Reserved Instances)\r\nSo two identical VM sizes can still result in different monthly bills', '2026-01-25 17:55:06', 1),
	(3, 3, 'Correct answer: Azure AI Bot \r\nExplanation \r\nUsed to build chatbots and digital assistants \r\nSupports: \r\n	Text-based conversations\r\n	Speech-to-text and text-to-speech (via Azure Cognitive Services)\r\nCan be integrated with: \r\n	Websites\r\n	Mobile apps\r\n	Microsoft Teams\r\n	Voice channels', '2026-01-25 18:03:31', 1),
	(4, 4, 'Correct answer: Azure Machine Learning', '2026-01-25 18:13:59', 1),
	(5, 5, 'Correct answer: Azure Functions', '2026-01-25 18:21:14', 1),
	(6, 6, 'Correct answer: Azure IoT Hub', '2026-01-25 18:25:07', 1),
	(7, 7, 'Correct answer: Azure Resource Manager (ARM) Templates', '2026-01-25 18:30:07', 1),
	(8, 8, 'correct answer:  Two virtual machines and Two availability zones', '2026-01-25 18:34:33', 1),
	(9, 9, 'Explanation\r\nThe requirement is:\r\n	Correlate events from multiple resources\r\n	Store them in a central repository for analysis\r\nAzure Log Analytics is part of Azure Monitor and provides:\r\n	Centralized collection of logs and metrics from VMs, storage, networking, and other resources\r\n	Powerful querying and correlation of events\r\n	Basis for dashboards, alerts, and insights', '2026-01-25 18:38:13', 1),
	(12, 10, 'Implementing a DDoS protection plan protects against distributed denial-of-service attacks, but it does not automatically ensure that the application is accessible over HTTPS. You also need to configure a public endpoint and HTTPS listener on the VM or use Azure Application Gateway.', '2026-01-25 18:42:01', 1),
	(13, 11, 'Azure Traffic Manager is a DNS-based load balancer that distributes traffic across multiple endpoints. It does not directly make the application accessible over HTTPS on a single VM. You need a public endpoint and HTTPS listener to satisfy the requirement.', '2026-01-25 18:47:53', 1),
	(14, 12, 'Azure Government is a cloud environment dedicated to US government entities and contractors. Entities outside the US are not eligible.', '2026-01-25 18:48:15', 1),
	(15, 13, 'Azure MFA can be implemented using the cloud-only solution in Azure Active Directory without deploying a federated solution.', '2026-01-25 18:48:42', 1),
	(16, 14, 'Azure MFA methods include phone call, text message, and mobile app notification or verification code. Picture identification and passport number are not valid MFA methods.', '2026-01-25 18:48:57', 1),
	(17, 15, 'The Basic support plan gives access to billing, subscription, and service health information at no additional cost.', '2026-01-25 18:49:05', 1),
	(18, 16, 'In Azure Web Apps (PaaS), Microsoft manages the underlying operating system. You do not have full control over it.', '2026-01-25 18:49:14', 1),
	(19, 17, 'Stopping a VM does not remove the storage; you will continue to pay for the underlying storage.', '2026-01-25 18:49:22', 1),
	(20, 18, 'Azure allows flexibility between CapEx and OpEx through options like reserved instances, pay-as-you-go pricing, and hybrid use benefits.', '2026-01-25 18:49:29', 1),
	(21, 19, 'In SaaS, the cloud provider manages installation, scalability, and high availability. The user is responsible for configuring the application for their needs.', '2026-01-25 18:49:52', 1),
	(22, 20, 'Fault tolerance ensures that systems remain available even if a data center or component fails, which meets the business continuity requirement.', '2026-01-25 18:50:02', 1),
	(23, 21, 'A company can decommission its data center if the infrastructure is fully hosted in the public cloud, eliminating the need for on-premises resources.', '2026-01-25 18:53:10', 1),
	(24, 22, 'Hosting a website on Azure incurs monthly hosting costs. A VPN or per-connection charges are not required for a public web site.', '2026-01-25 18:53:24', 1),
	(25, 23, 'Azure PowerShell and CLI tools are cross-platform. Scripts can run on Linux if the Azure CLI or PowerShell Core is installed.', '2026-01-25 18:53:33', 1),
	(26, 24, 'Azure Cloud Shell runs in the browser and supports PowerShell scripts, regardless of the underlying OS.', '2026-01-25 18:53:41', 1),
	(27, 25, 'PowerShell Core is cross-platform. Scripts can run on macOS as long as PowerShell Core is installed.', '2026-01-25 18:53:50', 1),
	(28, 26, 'Planned maintenance events are listed in the Help + Support blade in the Azure portal.', '2026-01-25 18:54:01', 1),
	(29, 27, 'Azure DevOps provides an integrated CI/CD solution for deploying code to Azure.', '2026-01-25 18:54:15', 1),
	(30, 28, 'Azure Advisor analyzes your Azure environment and provides personalized recommendations to optimize cost, security, reliability, and performance.', '2026-01-25 18:54:29', 1),
	(31, 29, 'Azure Cognitive Services provides AI capabilities to build intelligent applications without needing to train models from scratch.', '2026-01-25 18:54:41', 1),
	(32, 30, 'Azure Application Insights is an Application Performance Management (APM) service that monitors live web applications and provides actionable telemetry.', '2026-01-25 18:54:52', 1),
	(33, 31, 'Azure File Storage allows SMB protocol access and mapped drives from Windows computers, making it ideal for file sharing.', '2026-01-25 18:58:51', 1),
	(34, 32, 'Azure Cosmos DB supports globally distributed, multi-region writes and can store JSON documents natively.', '2026-01-25 18:59:06', 1),
	(35, 33, 'Resource groups are logical containers. Resources inside can be deployed in different regions; they are not restricted to the resource group region.', '2026-01-25 18:59:17', 1),
	(36, 34, 'Tags assigned to a resource group are not inherited automatically by resources inside the group; tags must be applied individually or via policies.', '2026-01-25 18:59:26', 1),
	(37, 35, 'IAM permissions assigned at the resource group level are inherited by resources within that group.', '2026-01-25 18:59:35', 1),
	(38, 36, 'Azure Machine Learning Studio allows building, testing, and deploying predictive analytics and AI solutions.', '2026-01-25 18:59:43', 1),
	(39, 37, 'Azure Advisor provides recommendations across cost, security, reliability, performance, including VM network configuration.', '2026-01-25 18:59:53', 1),
	(40, 38, 'Azure Advisor analyzes resources and provides recommendations to reduce costs, including optimizing VM usage.', '2026-01-25 19:00:04', 1),
	(41, 39, 'Azure Advisor provides security recommendations for Microsoft Entra ID to improve identity security and compliance.', '2026-01-25 19:00:13', 1),
	(42, 40, 'Azure CLI runs natively on Ubuntu, Azure PowerShell runs if PowerShell Core is installed, and the Azure Portal runs in any browser, including Ubuntu.', '2026-01-25 19:02:01', 1),
	(43, 41, 'Microsoft Entra ID Protection provides risk-based conditional access and can require password change when sign-in occurs from anonymous or risky IP addresses.', '2026-01-25 19:05:48', 1),
	(44, 42, 'Network Security Groups (NSGs) are used to control inbound and outbound traffic to Azure resources at the network interface or subnet level.', '2026-01-25 19:05:57', 1),
	(45, 43, 'Azure Policies allow organizations to enforce and manage compliance of resources across multiple subscriptions, ensuring resources meet governance requirements.', '2026-01-25 19:06:53', 1),
	(46, 44, 'The Basic Support plan does not provide 24/7 access to support engineers by phone or email; it only provides access to billing and subscription support.', '2026-01-25 19:07:26', 1),
	(47, 45, 'The Standard Support plan provides 24/7 access to support engineers via phone and email, satisfying the requirement.', '2026-01-25 19:07:45', 1),
	(48, 46, 'Most Azure services are initially released in private preview for selected customers before being made generally available or in public preview.', '2026-01-25 19:08:00', 1),
	(49, 47, 'Azure services in public preview can be managed via the portal, CLI, or SDKs; CLI is not the only option.', '2026-01-25 19:08:14', 1),
	(50, 48, 'Private preview is limited to select customers; it is not available to all Azure customers.', '2026-01-25 19:08:31', 1),
	(51, 49, 'Public preview services are made available to all Azure customers for testing and early use, though they may not yet be generally available.', '2026-01-25 19:09:37', 1),
	(52, 50, 'Generally available Azure services are released to all customers for production use.', '2026-01-25 19:09:55', 1),
	(53, 51, 'A single Microsoft Account (MSA) or Microsoft Entra ID user can manage multiple subscriptions, including subscriptions across different tenants with proper permissions.', '2026-01-25 19:12:09', 1),
	(54, 52, 'Azure subscriptions cannot be merged. You can move resources between subscriptions or group subscriptions under the same Management Group, but merging is not supported.', '2026-01-25 19:13:16', 1),
	(55, 53, 'Azure SLAs are service-specific and depend on configuration. Not all paid services have a blanket 99.9% SLA.', '2026-01-25 19:13:29', 1),
	(56, 54, 'Deploying resources across multiple regions improves availability, resiliency, and fault tolerance, often increasing effective SLA.', '2026-01-25 19:13:40', 1),
	(57, 55, 'SLA is tied to service and deployment architecture; purchasing multiple subscriptions does not increase SLA.', '2026-01-25 19:13:55', 1),
	(58, 56, 'Azure allows moving resources, including VMs, between subscriptions within the same tenant if supported by the resource type.', '2026-01-25 19:14:09', 1),
	(59, 57, 'Microsoft Entra ID users and groups do not incur costs. Only billable resources, like Public IPs, generate charges.', '2026-01-25 19:14:23', 1),
	(60, 58, 'Microsoft Entra ID user groups do not generate cost; removing them does not reduce Azure bills.', '2026-01-25 19:14:40', 1),
	(61, 59, 'Public IP addresses are billable resources. Removing unused public IPs will reduce Azure costs.', '2026-01-25 19:14:55', 1),
	(62, 60, 'Azure Portal is web-based and accessible from any device with a modern browser, including Android devices.', '2026-01-25 19:15:35', 1),
	(63, 61, 'The PowerApps (Power Apps) portal is used to build and manage low-code business applications, \nnot to create or manage Azure infrastructure like virtual machines.\n\nEven though the team member is on an Android-based laptop, that’s not the real blocker here—the issue is the tool:\n	Azure VMs can be created via \n	the Azure Portal, \n	Azure CLI, \n	PowerShell, \n	or ARM/Bicep templates (all accessible via a browser).\n\nPowerApps portal does not support creating Azure virtual machines.', '2026-02-13 02:56:03', 1),
	(64, 62, 'The correct answer is:\n\nhttps://portal.azure.com\n\nThis is the Azure Portal, which is used to create, manage, and monitor Azure resources such as virtual machines, \nstorage accounts, networks, databases, and more.\n\nQuick rundown of the others:\n❌ admin.azure.com – Not used for Azure resource management\n❌ admin.azurewebsites.com – Not a valid Azure management portal\n❌ portal.microsoft.com – General Microsoft portal, not for Azure resources\n❌ portal.azurewebsites.com – Related to App Service, not full Azure management', '2026-02-13 02:58:13', 1),
	(65, 63, 'Azure virtual machine data disks (and OS disks) are stored as page blobs within an Azure Blob Storage account.\n\nWhy not the others?\n❌ Files – Used for file shares (Azure Files), not VM disks\n❌ Tables – Used for NoSQL key-value storage\n❌ Queues – Used for messaging between components', '2026-02-13 02:59:59', 1),
	(66, 64, 'The best choices are:\n	Azure Synapse Analytics\n	Azure Data Lake\n\nWhy these two fit the requirements:\nAzure Data Lake\n	Designed for very large data volumes (10TB+ is normal)\n	Cost-effective for infrequently accessed data\n	Commonly used as a data store for analytics\n	Can be directly queried or connected to analytics engines\n\nAzure Synapse Analytics\n	Built for analytics and reporting at scale\n	Native integration with Power BI (this is a big clue in the question)\n	Can query data stored in Azure Data Lake using serverless or dedicated SQL pools\n\nTogether, this is a very common Azure pattern:\n	Azure Data Lake (storage) + Azure Synapse Analytics (analytics) + Power BI (visualization)', '2026-02-13 03:01:32', 1),
	(67, 65, 'The correct answer is:\n✅ Deploy all the virtual machines to the same resource group.\n\nWhy this works:\n	Azure RBAC (Role-Based Access Control) can be applied at the resource group level\n	Any permissions assigned to the resource group are automatically inherited by all virtual machines inside it\n	This lets you manage permissions for multiple VMs simultaneously and consistently\n\nWhy the others don’t meet the requirement:\n	❌ Same region – Regions affect location, not permissions\n	❌ Same availability zone – Used for high availability, not access control\n	❌ Same scale – (Likely referring to scale sets) Used for auto-scaling, not general permission assignment\n', '2026-02-13 03:03:48', 1),
	(68, 66, 'The correct answer is:\n\n✅ The Azure platform is a shared platform wherein multiple companies can use a portion of the resources on the platform.\n\nWhy this is a benefit:\nAzure is a public cloud that uses a shared (multi-tenant) infrastructure\n\nThis allows organizations to:\nAvoid buying and maintaining their own hardware\nPay only for what they use\nScale resources up or down easily\nCosts are lower because the underlying infrastructure is shared across many customers\n\nWhy the other options are incorrect:\n❌ All resources can be accessed by the public — Azure resources are isolated and secured\n❌ Private cloud platform — Azure is not a private cloud by default\n❌ E-commerce platform — Azure is a cloud services platform, not a marketplace for users to sell resources\n', '2026-02-13 03:05:19', 1),
	(69, 67, 'Shared infrastructure – Public cloud providers (like Azure) use a multi-tenant model where physical resources are shared securely among multiple customers.\nPay-as-you-go model – You pay only for the resources you consume, with no upfront hardware costs.\n\nWhy the others are not public cloud characteristics:\n❌ Dedicated hardware resources – This is typical of private cloud\n❌ On-premises deployment – That’s not cloud\n❌ Limited geographic availability – Public clouds have global availability', '2026-02-13 03:07:29', 1),
	(70, 68, 'Correct Answer is:\n	Yes.\n	This does meet the goal.\n\nWhy:\n	Azure App Service is a Platform as a Service (PaaS) offering for hosting applications.\n	Azure SQL Database is also a PaaS database service (Microsoft manages the OS, patching, backups, and high availability).\n	Since both services are PaaS, the solution fully aligns with the migration plan that requires only PaaS solutions.', '2026-02-13 03:08:18', 1),
	(71, 69, 'The correct answer is:\n✅ Platform as a Service (PaaS)\n\nWhy PaaS is the best choice:\nMinimizes administrative and management effort\nAzure manages the OS, patching, scaling, and infrastructure\nIdeal for web applications accessed by external users\nYou focus on application code, not servers\n\nWhy not the others?\n❌ SaaS – You consume a finished application; you can’t deploy your own web app\n❌ IaaS – Requires managing VMs, OS updates, and security (more admin effort)\n❌ DaaS – Refers only to databases, not full web apps', '2026-02-13 03:09:24', 1),
	(72, 70, 'The correct answer is:\n	✅ A hybrid cloud\n\nWhy a hybrid cloud fits the requirements:\n	Provides additional resources: You can burst to the public cloud when on-premises resources are insufficient.\n	Minimizes capital expenditure (CapEx): You don’t need to buy new servers or build a full data center.\n	Minimizes operational expenditure (OpEx): You only pay for cloud resources when you need them.\n	Maintains some on-premises control: Critical workloads can remain on-premises while others run in the cloud.', '2026-02-13 03:12:14', 1),
	(73, 71, 'The correct answer is:\n\nThe public cloud is a shared entity whereby multiple corporations each use a portion of the resources in the cloud.\n\nThis is the key advantage: multi-tenancy. Public cloud providers like Azure share infrastructure across many customers, which lowers costs, improves scalability, and reduces the need for organizations to manage their own hardware.\n\nWhy the others are incorrect, quickly:\n❌ Owned by the public — Public clouds are owned by private companies (e.g., Microsoft, Amazon, Google).\n❌ Crowd-sourcing solution — Not how public clouds work.\n❌ Freely accessed by everyone — Access is controlled and secured; it’s not open to the public.', '2026-02-28 11:02:30', 1),
	(74, 72, 'The correct answer is:\n✅ Operational\n\nWhy:\nAn Azure pay-as-you-go subscription uses an operational expenditure (OpEx) model. You pay for compute, storage, and networking as you consume them, rather than buying hardware upfront.\n\nQuick check on the other options:\n❌ Capital – This applies to on-premises infrastructure where you purchase hardware in advance (CapEx).\n❌ Elastic – This is a cloud characteristic, not an expenditure model.\n❌ Scalable – Also a feature, not a cost model.\n\nSo for migrating on-prem Hyper-V VMs to Azure pay-as-you-go → Operational expenditure is the right choice. ✔️', '2026-02-28 11:02:30', 1),
	(75, 73, 'The correct answer is:\n✅ An Azure virtual machine\n\nWhy:\nInfrastructure as a Service (IaaS) provides basic computing resources like virtual machines, storage, and networking, where you manage the OS and software yourself.\n\nWhy the others are not IaaS:\n❌ Azure web app – Platform as a Service (PaaS)\n❌ Azure logic app – PaaS (serverless workflow service)\n❌ Azure SQL database – PaaS (managed database service)', '2026-02-28 11:02:30', 1),
	(76, 74, '✅ Azure DevTest Labs\n\nWhy:\nAzure DevTest Labs is designed specifically to quickly provision and delete virtual machines with minimal administrative overhead. It works very well with Azure Resource Manager (ARM) templates, and it includes built-in features like:\nEasy bulk VM creation and deletion\nAutomated shutdown and cleanup\nPolicies to control costs and usage\n\nThis makes it ideal for scenarios where VMs are frequently created and removed, like weekly dev/test cycles.\n\nWhy the others don’t fit:\n❌ Azure Reserved VM Instances – Cost-optimization for long-running VMs, not rapid deployment/removal.\n❌ Azure VM scale sets – Best for scaling identical VMs for apps, not frequent lifecycle management by developers.\n❌ Microsoft Managed Desktop – End-user desktop service, not VM deployment automation.', '2026-02-28 11:02:30', 1),
	(77, 75, '👉 Correct answer: No ✔️\n\nExplanation:\nThe migration plan requires only Platform as a Service (PaaS) solutions.\n\nAzure virtual machines are Infrastructure as a Service (IaaS) ❌\nAzure SQL databases are PaaS ✅\nAzure Storage accounts are considered PaaS ✅\nBecause the solution includes Azure virtual machines (IaaS), it does not meet the requirement to use only PaaS services.', '2026-02-28 11:02:30', 1),
	(78, 76, 'The correct answer is:\n✅ Infrastructure as a Service (IaaS)\n\nWhy:\nThe applications require custom software and multiple prerequisite applications and services to be installed. That means you need full control over:\n	The operating system\n	Installed software and dependencies\n	Application configuration\n	This level of control is provided by IaaS (for example, Azure virtual machines).\n\nWhy not the others:\n	❌ SaaS – Ready-to-use applications; you don’t deploy or customize the underlying app stack.\n	❌ PaaS – You manage the app, but the platform controls the OS and limits installing custom prerequisite software.', '2026-02-28 11:02:30', 1),
	(79, 77, 'The correct statement is:\n✅ Contains one or more data centers that are connected by using a low-latency network.\n\nAnswer: No change is needed.\n\nWhy the other options are incorrect:\n	❌ Is found in each country where Microsoft has a subsidiary office — Azure regions are not tied to office locations.\n	❌ Can be found in every country in Europe and the Americas only — Azure regions exist worldwide, but not in every country.\n	❌ Connected by a high-latency network — Azure regions are specifically designed for low latency.', '2026-02-28 11:02:30', 1),
	(80, 78, 'The correct answers are:\n	✅ Command Prompt\n	✅ Windows PowerShell\n\nWhy:\nThe Azure CLI can be run from:\n	Command Prompt\n	Windows PowerShell\n	(also Bash / Cloud Shell, but those aren’t options here)\n\nWhy the others are incorrect:\n	❌ Azure Resource Explorer – Used to view and manage Azure resources, not to run the CLI.\n	❌ Windows Defender Firewall – Security tool, unrelated to CLI execution.\n	❌ Network and Sharing Center – Network configuration tool, not for command execution.', '2026-02-28 11:02:30', 1),
	(81, 79, 'The correct answers are:\n✅ Azure Data Lake\n✅ Azure Synapse Analytics\n\nWhy these two fit best:\nAzure Data Lake is ideal for storing large volumes of data (20 TB) that are accessed infrequently. It’s cost-effective and designed for analytics scenarios.\nAzure Synapse Analytics integrates seamlessly with Power BI and is built for analyzing and visualizing large datasets stored in places like Azure Data Lake.\n\nWhy the others are not ideal:\n❌ Azure Cosmos DB – Optimized for low-latency, high-transaction workloads, not infrequent access analytics.\n❌ Azure SQL Database – Better for structured, transactional workloads; expensive and inefficient at 20 TB for analytics.\n❌ Azure Database for PostgreSQL – Relational database, not designed for large-scale analytics and BI scenarios.', '2026-02-28 11:02:31', 1),
	(82, 80, 'The correct answer is:\n✅ An Azure data center failure\n\nWhy:\nAzure Availability Zones are designed to protect applications and services from data center–level failures. Each Availability Zone is a physically separate data center within the same Azure region, with independent power, cooling, and networking.\n\nWhy the others are incorrect:\n❌ A physical server failure – This is handled by Azure’s built-in redundancy and high availability within a data center.\n❌ An Azure region failure – Availability Zones do not protect against entire region outages (that’s what region pairs are for).\n❌ A storage failure – Storage redundancy options (like LRS, ZRS, GRS) handle this, not Availability Zones directly.', '2026-02-28 11:02:31', 1),
	(83, 81, 'The correct answer is Azure Monitor ✅\n\nWhy:\nService failure notifications (like regional outages, planned maintenance, or health advisories that could affect VM1 in East US) are provided through Azure Service Health, which you access from the Azure Monitor blade in the Azure portal.\n\nWhy the others are wrong:\nAzure Service Fabric – a microservices platform, not for viewing outages.\nAzure virtual machines – shows VM-specific settings and metrics, not Azure-wide service failures.\nAzure Advisor – gives optimization and best-practice recommendations, not real-time failure notifications.', '2026-02-28 12:12:25', 1),
	(84, 82, 'No. ❌\n\nWhy:\nA PowerShell script that creates Azure resources typically uses Azure PowerShell (Az module) cmdlets, not the Azure CLI. Installing only the Azure CLI on a Linux computer doesn’t satisfy that requirement.\n\nWhat would work instead:\n\nA computer (Windows, Linux, or macOS) with PowerShell installed and\n\nThe Azure PowerShell (Az) module installed\n\n💡 Linux can work, but only if it’s running PowerShell Core + Azure PowerShell, not just the Azure CLI.', '2026-02-28 12:12:25', 1),
	(85, 83, 'Running the script from a computer that uses Chrome OS with Azure Cloud Shell does meet the goal. Azure Cloud Shell is browser-based and supports PowerShell, so the local operating system doesn’t matter—as long as it can access a modern web browser like Chrome.', '2026-02-28 12:12:25', 1),
	(86, 84, 'You should create one Azure Firewall.\n\nWhy:\nAzure Firewall is a centralized, stateful firewall that can control and limit inbound (and outbound) traffic across multiple virtual networks. It’s designed exactly for this kind of scenario—many VNets and VMs with a single point of traffic control.\n\nWhy the others don’t fit:\nApplication Security Group (ASG): Used to group VMs for NSG rules, not to centrally limit inbound traffic for all VNets.\nVirtual network gateways: Used for VPNs, not traffic filtering.\nAzure ExpressRoute circuits: Used for private connectivity, not security filtering.', '2026-02-28 12:12:25', 1),
	(87, 85, 'Correct answers:\n	A virtual network gateway\n	A gateway subnet\n\nYou’re basically describing hybrid connectivity (on-premises → Azure VMs). For that, Azure uses a VPN gateway setup.\nTo make this work, you must create:\nA virtual network gateway\n	This is the VPN endpoint in Azure that allows your on-premises network to connect to Azure.\nA gateway subnet\n	A virtual network gateway must be deployed into a dedicated subnet named GatewaySubnet inside the virtual network.\n\nWhy not the others?\n	❌ Load balancer – used for distributing traffic, not for hybrid connectivity\n	❌ Application gateway – Layer 7 HTTP/HTTPS routing, not VPN connectivity\n	❌ Virtual network – required overall, but the key resources specifically enabling on-premises communication are the gateway and its subnet', '2026-02-28 12:12:25', 1),
	(88, 86, 'Yes.\n\nUsing Bash in Azure Cloud Shell absolutely meets the goal. 👍\nCloud Shell runs in the browser, so it doesn’t matter that the tablet is running Android. \nAs long as you can access the Azure portal and open Cloud Shell, you can create and manage Azure virtual machines using Azure CLI commands.', '2026-02-28 12:12:25', 1),
	(89, 87, 'To meet the requirement that FinServer must be on a separate network segment, you need network-level isolation, not just management or access controls.\n\nBest recommendation:\n	✅ A virtual network for FinServer and another virtual network for all the other servers.\n\nWhy this is correct\n	An Azure virtual network (VNet) is a network segment.\n	Placing FinServer in its own VNet guarantees isolation from the other servers at the network level.\n	This cleanly satisfies compliance policies that require separation.\n\nWhy the other options don’t work\n	❌ Separate resource groups – resource groups are for management and billing, not network isolation\n	❌ VPN and virtual network gateway – these are for connectivity, not segmentation\n	❌ Resource lock – prevents changes, but does nothing for network separation', '2026-02-28 12:12:25', 1),
	(90, 88, 'To map a network drive from Windows 10 computers, Azure needs to provide an SMB file share, just like a traditional file server.\n\n✅ Correct choice\n	A Files service in a storage account.\n\nWhy this works\n	Azure Files supports the SMB protocol, which Windows uses for mapped network drives.\n	You can map it directly using a drive letter (e.g., Z:) from Windows 10.\n	It’s designed exactly for shared file access scenarios.\n\nWhy the others don’t fit\n	❌ Azure SQL database – structured data, not files\n	❌ Virtual machine data disk – attached to a single VM, not a shared network drive\n	❌ Blobs service – object storage; cannot be mapped as a Windows network drive', '2026-02-28 12:12:25', 1),
	(91, 89, 'To start using and exploring Azure at all, you need a billing and access boundary first.\n\n✅ Correct answer\n	A subscription.\n\nWhy this comes first\nAn Azure subscription is required before you can create any Azure resources.\nIt defines billing, quotas, and access control.\nResource groups, virtual networks, and management groups all exist within or above subscriptions, so they can’t be used until a subscription exists.\n\nWhy the others come later\n	❌ Resource group – requires a subscription\n	❌ Virtual network – requires a resource group and subscription\n	❌ Management group – used to organize multiple subscriptions, not required to start exploring Azure', '2026-02-28 12:12:25', 1),
	(92, 90, 'You’re looking for a serverless way to trigger and send email notifications based on rules — no VM management, no infrastructure babysitting.\n\nCorrect recommendation\n	A Logic App\n\nWhy this is the right fit\n	Azure Logic Apps are fully serverless\n	They’re designed for workflow automation and rule-based actions\n	Built-in connectors make sending emails trivial (Office 365, SMTP, SendGrid, etc.)\n	Perfect for “when X happens, send an email” scenarios\n\nWhy the others don’t qualify\n	❌ Web app – requires app hosting and management\n	❌ Server image in Azure Marketplace – VM-based, not serverless\n	❌ API app – platform service, but not intended for rule-driven workflows like this', '2026-02-28 12:12:25', 1),
	(93, 91, 'You should recommend a content delivery network (CDN).\n\nWhy:\nA CDN caches and serves large video files from edge locations close to users around the world, which:\n	Reduces latency\n	Improves video streaming and playback performance\n	Offloads traffic from the origin website\n\nWhy not the others:\n	Application Gateway – load balancing and security, not global media delivery\n	Azure ExpressRoute – private connectivity, not for public worldwide users\n	Azure Traffic Manager – DNS-based routing, but it doesn’t cache or optimize video content', '2026-03-01 03:49:05', 1),
	(94, 92, 'The two Azure resources you should identify are:\n	Azure IoT Hub\n	Azure Data Lake\n\nWhy these two:\nAzure IoT Hub is purpose-built to handle millions of IoT devices securely and reliably. It supports device authentication, telemetry ingestion at massive scale, and bi-directional communication with sensors.\n\nAzure Data Lake is designed for storing and analyzing very large volumes of data, making it ideal for long-term storage and analytics of the telemetry data uploaded by those sensors.\n\nWhy not the others:\n	Azure Queue Storage – useful for decoupling application components, but not required for large-scale IoT ingestion\n	Azure File Storage – file shares, not optimized for IoT telemetry\n	Azure Notification Hubs – used for sending push notifications to apps, not ingesting sensor data', '2026-03-01 03:49:05', 1),
	(95, 93, 'The two Azure management tools you can use from an iPhone are:\n	The Azure portal\n	Azure Cloud Shell\n\nWhy these work:\n	Azure portal runs in a mobile browser (and via the Azure mobile app), so you can manage web app settings directly from your iPhone.\n	Azure Cloud Shell is browser-based and runs inside the Azure portal, giving you access to Azure CLI or PowerShell without installing anything on the phone.\n\nWhy not the others:\n	Azure CLI – requires local installation (not supported on iOS)\n	Windows PowerShell – Windows-only\n	Azure Storage Explorer – desktop application only\n\n✅ Correct answers: The Azure portal and Azure Cloud Shell', '2026-03-01 03:49:05', 1),
	(96, 94, 'The correct choice is Azure Machine Learning Studio.\n\nWhy:\n	Azure Machine Learning Studio is specifically designed to build, train, test, and deploy predictive analytics and machine learning models. \n	It provides tools for data preparation, model training, experimentation, and deployment as web services.\n\nWhy not the others:\n	Azure Logic Apps – workflow automation, not AI model development\n	Azure Batch – large-scale parallel compute jobs, not ML lifecycle management\n	Azure Cosmos DB – globally distributed database, not an AI platform', '2026-03-01 03:49:05', 1),
	(97, 95, 'Yes. ✅\nThis does meet the goal.\n\nWhy:\n	Azure Cloud Shell (even when you select PowerShell) includes the Azure CLI (az) by default.\n	You can run az vm create ... commands from either Bash or PowerShell in Cloud Shell.\n	Cloud Shell automatically uses the currently selected subscription in the Azure portal (Subscription1), where RG1 already exists.\n\nSo running this command in Cloud Shell (PowerShell) will successfully create VM1 in Subscription1.', '2026-03-01 03:49:05', 1),
	(98, 96, 'Yes. ✅\nThis does meet the goal.\n\nWhy:\nAzure PowerShell is supported on Windows 10.\nInstalling the Azure PowerShell module (Az) allows the administrator to authenticate to Azure and create/manage Azure resources using PowerShell scripts.\nAs long as the user signs in with appropriate permissions, the script will run successfully.', '2026-03-01 03:49:05', 1),
	(99, 97, 'The service that provides serverless computing in Azure is:\n✅ Azure Functions\n\nWhy:\nAzure Functions lets you run code without provisioning or managing servers. You only pay for the execution time, which is the core idea of serverless computing.\n\nWhy not the others:\n	Azure Virtual Machines – you manage the servers\n	Azure Storage account – storage service, not compute\n	Azure Container Instances – containers without VM management, but not serverless', '2026-03-01 03:49:05', 1),
	(100, 98, 'Yes. ✅\nThis does meet the goal.\n\nWhy:\n	Azure Cloud Shell (Bash) natively supports the Azure CLI (az).\n	The command you’re using is an Azure CLI command, so Bash is actually the most common environment for it.\n	Cloud Shell automatically authenticates you and uses the current subscription (Subscription1) selected in the Azure portal.\n\nThe resource group RG1 already exists, so the VM can be created successfully.', '2026-03-01 03:49:05', 1),
	(101, 99, 'You should recommend Azure Resource Manager (ARM) templates ✅\n\nWhy:\nARM templates let you define, deploy, and manage a consistent set of Azure resources as code. Since each business unit needs the same 20 resource types, you can create one template and reuse it to automatically deploy identical environments—fast, repeatable, and error-free.\n\nWhy not the others:\n	Virtual machine scale sets ❌ : Only for scaling VM instances, not for provisioning a full mix of Azure resources.\n	Azure API Management ❌ : Used to publish and manage APIs, not to automate infrastructure creation.\n	Management groups ❌ : Used for organizing subscriptions and applying governance, not deploying resources.', '2026-03-01 03:49:05', 1),
	(102, 100, 'The right choice is Azure Monitor ✅\n\nWhy:\nAzure Monitor is designed to collect, aggregate, and store telemetry (events, logs, metrics) from multiple Azure resources into a centralized repository. \nIt’s the go-to service for monitoring, diagnostics, and analysis across your environment.\n\nWhy not the others:\n	Azure Event Hubs ❌ : Great for high-throughput event ingestion, but it’s more of a streaming pipeline than a centralized monitoring repository.\n	Azure Analysis Services ❌ : Used for data modeling and analytics, not event collection.\n	Azure Stream Analytics ❌ : Processes and analyzes streaming data in real time; it doesn’t act as a central event store.', '2026-03-01 03:49:05', 1),
	(103, 101, 'Correct Answer is No.\n\nThe PowerApps (Power Apps) portal is for building and using business applications, not for managing Azure infrastructure. \nIt can’t be used to create Azure virtual machines.\n\nFrom an Android tablet, you could create a VM by using:\n	The Azure portal in a web browser, or\n	Azure management tools/APIs (not PowerApps)', '2026-03-01 04:16:34', 1),
	(104, 102, 'Correct answer is Yes.\n\nThe Azure portal is web-based and can be accessed from a browser on an Android tablet, allowing you to create and manage Azure virtual machines.', '2026-03-01 04:16:34', 1),
	(105, 103, 'The correct answer is: Azure Repos\n\nAzure Repos provides Git repositories and Team Foundation Version Control (TFVC), which are version control tools used to manage and track code changes.\n\nWhy the others don’t fit:\n	Azure DevTest Labs – Used for creating and managing development/test environments\n	Azure Storage – Stores blobs, files, queues, and tables\n	Azure Cosmos DB – A globally distributed database service', '2026-03-01 04:16:34', 1),
	(106, 104, 'The correct answer is: Azure Key Vault\n\nWhy:\n	Azure Key Vault securely stores and encrypts sensitive information such as administrative usernames, passwords, certificates, and secrets. \n	During automated deployments (ARM templates, Bicep, Terraform, pipelines), credentials can be retrieved securely from Key Vault without\n	exposing them in code or logs.\n\nWhy not the others:\n	Microsoft Purview Information Protection – Focuses on data classification and labeling\n	Microsoft Defender for Cloud – Provides security posture management and threat protection\n	Azure Multi-Factor Authentication (MFA) – Adds an extra sign-in verification step but does not encrypt credentials during deployment', '2026-03-01 04:16:34', 1),
	(107, 105, 'The correct answer is: Network Security Group (NSG)\n\nWhy:\nA Network Security Group (NSG) lets you control inbound and outbound network traffic to Azure virtual machines by \ndefining security rules that allow or deny traffic on specific ports, protocols, and source/destination IP addresses.\n\nWhy the others are incorrect:\n	Microsoft Entra ID role – Controls permissions to Azure resources, not network traffic\n	Microsoft Entra ID group – Used for identity and access management, not port control\n	Azure Key Vault – Stores secrets, keys, and certificates', '2026-03-01 04:16:34', 1),
	(108, 106, 'The correct answer is: This service has been discontinued. Azure Germany was retired in 2021\n\nExplanation:\nAzure Germany was a sovereign cloud offering with special data residency and access controls. \nMicrosoft officially retired Azure Germany in 2021, and customers were migrated to standard Azure regions in Germany \n(such as Germany West Central and Germany North).', '2026-03-01 04:16:34', 1),
	(109, 107, 'Corrected answer is Yes.\n\nModifying a Network Security Group (NSG) to allow inbound traffic on TCP port 80 (HTTP) from the Internet will make VM1 accessible over HTTP, assuming the NSG is associated with the VM’s network interface or subnet.', '2026-03-01 04:16:34', 1),
	(110, 108, 'Corrected answer is Yes.\n\nAn Azure Firewall can be configured with inbound rules to allow HTTP (TCP port 80) traffic from the Internet to VM1. If the firewall is properly deployed (with a public IP and routing set up), modifying it to allow HTTP access meets the goal.', '2026-03-01 04:16:34', 1),
	(111, 109, 'Corrected answer is No.\n\nAzure Traffic Manager is a DNS-based load-balancing service. It controls how clients are directed to endpoints, \nbut it does not open ports or allow network traffic to a virtual machine.\n\nTo make VM1 accessible over HTTP, you must allow inbound TCP port 80 using a Network Security Group or a firewall, not Traffic Manager.', '2026-03-01 04:16:34', 1),
	(112, 110, 'The correct answers are:\n	✅ A United States government entity\n	✅ A United States government contractor\n\nWhy:\nAzure Government is a separate cloud environment designed specifically for U.S. government agencies and their partners/contractors who \nhandle sensitive government data. It is not available to foreign governments or contractors outside the U.S.\n\nWhy the others are incorrect:\n	Canadian or European entities/contractors are not eligible for Azure Government; they would use the standard Azure regions in their countries or regions.', '2026-03-01 04:16:34', 1);

-- Dumping structure for table quiz_db.option_master
DROP TABLE IF EXISTS `option_master`;
CREATE TABLE IF NOT EXISTS `option_master` (
  `option_id` int NOT NULL AUTO_INCREMENT,
  `question_id` int NOT NULL,
  `option_text` varchar(255) CHARACTER SET utf8mb4 COLLATE utf8mb4_general_ci NOT NULL,
  `option_order` int NOT NULL,
  `created_at` timestamp NULL DEFAULT CURRENT_TIMESTAMP,
  `is_active` tinyint(1) DEFAULT '1',
  PRIMARY KEY (`option_id`),
  KEY `idx_option_question` (`question_id`,`is_active`),
  CONSTRAINT `option_master_ibfk_1` FOREIGN KEY (`question_id`) REFERENCES `question` (`question_id`)
) ENGINE=InnoDB AUTO_INCREMENT=281 DEFAULT CHARSET=utf8mb4 COLLATE=utf8mb4_general_ci;

-- Dumping data for table quiz_db.option_master: ~347 rows (approximately)
INSERT INTO `option_master` (`option_id`, `question_id`, `option_text`, `option_order`, `created_at`, `is_active`) VALUES
	(1, 1, 'YES', 1, '2026-01-25 17:45:05', 1),
	(2, 1, 'NO', 2, '2026-01-25 17:45:17', 1),
	(3, 2, 'YES', 1, '2026-01-25 17:53:54', 1),
	(4, 2, 'NO', 2, '2026-01-25 17:54:09', 1),
	(5, 3, 'Azure Machine Learning.', 1, '2026-01-25 18:00:21', 1),
	(6, 3, 'Azure loT Hub.', 2, '2026-01-25 18:00:38', 1),
	(7, 3, 'Azure Al bot.', 3, '2026-01-25 18:00:56', 1),
	(8, 3, 'Azure Functions.', 4, '2026-01-25 18:01:12', 1),
	(9, 4, 'Azure Machine Learning', 1, '2026-01-25 18:11:54', 1),
	(10, 4, 'Azure IoT Hub', 2, '2026-01-25 18:11:54', 1),
	(11, 4, 'Azure AI Bot', 3, '2026-01-25 18:11:54', 1),
	(12, 4, 'Azure Functions', 4, '2026-01-25 18:11:54', 1),
	(13, 5, 'Azure Machine Learning', 1, '2026-01-25 18:17:13', 1),
	(14, 5, 'Azure IoT Hub', 2, '2026-01-25 18:17:13', 1),
	(15, 5, 'Azure AI Bot', 3, '2026-01-25 18:17:13', 1),
	(16, 5, 'Azure Functions', 4, '2026-01-25 18:17:13', 1),
	(17, 6, 'Azure Machine Learning', 1, '2026-01-25 18:23:27', 1),
	(18, 6, 'Azure IoT Hub', 2, '2026-01-25 18:23:27', 1),
	(19, 6, 'Azure AI Bot', 3, '2026-01-25 18:23:27', 1),
	(20, 6, 'Azure Functions', 4, '2026-01-25 18:23:27', 1),
	(21, 7, 'Virtual Machine scale sets', 1, '2026-01-25 18:27:49', 1),
	(22, 7, 'Management Groups', 2, '2026-01-25 18:27:49', 1),
	(23, 7, 'Microsoft Entra ID', 3, '2026-01-25 18:27:49', 1),
	(24, 7, 'Azure Resource Manager Templates', 4, '2026-01-25 18:27:49', 1),
	(25, 8, 'One virtual machine and One availability zone', 1, '2026-01-25 18:32:12', 1),
	(26, 8, 'Two virtual machines and availability zone', 2, '2026-01-25 18:32:12', 1),
	(27, 8, 'One virtual machine and Two availability zones', 3, '2026-01-25 18:32:12', 1),
	(28, 8, 'Two virtual machines and Two availability zones', 4, '2026-01-25 18:32:12', 1),
	(29, 9, 'Azure Event Hubs', 1, '2026-01-25 18:36:45', 1),
	(30, 9, 'Microsoft Defender for Cloud', 2, '2026-01-25 18:36:45', 1),
	(31, 9, 'Microsoft Entra ID', 3, '2026-01-25 18:36:45', 1),
	(32, 9, 'Azure Log Analytics', 4, '2026-01-25 18:36:45', 1),
	(33, 10, 'Yes', 1, '2026-01-25 18:41:30', 1),
	(34, 10, 'No', 2, '2026-01-25 18:41:30', 1),
	(35, 11, 'Yes', 1, '2026-01-25 18:47:53', 1),
	(36, 11, 'No', 2, '2026-01-25 18:47:53', 1),
	(37, 12, 'United States government Entity', 1, '2026-01-25 18:48:15', 1),
	(38, 12, 'A United States government contractor', 2, '2026-01-25 18:48:15', 1),
	(39, 12, 'A European government Entity', 3, '2026-01-25 18:48:15', 1),
	(40, 12, 'A European government contractor', 4, '2026-01-25 18:48:15', 1),
	(41, 13, 'Yes', 1, '2026-01-25 18:48:42', 1),
	(42, 13, 'No', 2, '2026-01-25 18:48:42', 1),
	(43, 14, 'Yes', 1, '2026-01-25 18:48:57', 1),
	(44, 14, 'No', 2, '2026-01-25 18:48:57', 1),
	(45, 15, 'Basic', 1, '2026-01-25 18:49:05', 1),
	(46, 15, 'Standard', 2, '2026-01-25 18:49:05', 1),
	(47, 15, 'Premier', 3, '2026-01-25 18:49:05', 1),
	(48, 15, 'Developer', 4, '2026-01-25 18:49:05', 1),
	(49, 16, 'Yes', 1, '2026-01-25 18:49:14', 1),
	(50, 16, 'No', 2, '2026-01-25 18:49:14', 1),
	(51, 17, 'Yes', 1, '2026-01-25 18:49:22', 1),
	(52, 17, 'No', 2, '2026-01-25 18:49:22', 1),
	(53, 18, 'Yes', 1, '2026-01-25 18:49:29', 1),
	(54, 18, 'No', 2, '2026-01-25 18:49:29', 1),
	(55, 19, 'High availability of the solution', 1, '2026-01-25 18:49:52', 1),
	(56, 19, 'Configuration of the solution', 2, '2026-01-25 18:49:52', 1),
	(57, 19, 'Installing the solution', 3, '2026-01-25 18:49:52', 1),
	(58, 19, 'Scalability of the solution', 4, '2026-01-25 18:49:52', 1),
	(59, 20, 'Scalability', 1, '2026-01-25 18:50:02', 1),
	(60, 20, 'Fault Tolerance', 2, '2026-01-25 18:50:02', 1),
	(61, 20, 'Low Latency', 3, '2026-01-25 18:50:02', 1),
	(62, 20, 'Elasticity', 4, '2026-01-25 18:50:02', 1),
	(63, 21, 'If they have their infrastructure hosted in a private cloud', 1, '2026-01-25 18:53:10', 1),
	(64, 21, 'If they have their infrastructure hosted in the public cloud', 2, '2026-01-25 18:53:10', 1),
	(65, 21, 'If they have their infrastructure hosted in a hybrid cloud', 3, '2026-01-25 18:53:10', 1),
	(66, 22, 'They would need to deploy a VPN', 1, '2026-01-25 18:53:24', 1),
	(67, 22, 'They would need to pay for the cost to transfer the web site to Azure', 2, '2026-01-25 18:53:24', 1),
	(68, 22, 'They would need to pay for the monthly costs incurred for hosting the web site', 3, '2026-01-25 18:53:24', 1),
	(69, 22, 'They would need to pay for the number of connections to the web site', 4, '2026-01-25 18:53:24', 1),
	(70, 23, 'Yes', 1, '2026-01-25 18:53:33', 1),
	(71, 23, 'No', 2, '2026-01-25 18:53:33', 1),
	(72, 24, 'Yes', 1, '2026-01-25 18:53:41', 1),
	(73, 24, 'No', 2, '2026-01-25 18:53:41', 1),
	(74, 25, 'Yes', 1, '2026-01-25 18:53:50', 1),
	(75, 25, 'No', 2, '2026-01-25 18:53:50', 1),
	(76, 26, 'Resource Groups', 1, '2026-01-25 18:54:01', 1),
	(77, 26, 'Microsoft Entra ID', 2, '2026-01-25 18:54:01', 1),
	(78, 26, 'Azure Advisor', 3, '2026-01-25 18:54:01', 1),
	(79, 26, 'Help + Support', 4, '2026-01-25 18:54:01', 1),
	(80, 27, 'Azure Advisor', 1, '2026-01-25 18:54:15', 1),
	(81, 27, 'Azure Cognitive Services', 2, '2026-01-25 18:54:15', 1),
	(82, 27, 'Azure Application Insights', 3, '2026-01-25 18:54:15', 1),
	(83, 27, 'Azure DevOps', 4, '2026-01-25 18:54:15', 1),
	(84, 28, 'Azure Advisor', 1, '2026-01-25 18:54:29', 1),
	(85, 28, 'Azure Cognitive Services', 2, '2026-01-25 18:54:29', 1),
	(86, 28, 'Azure Application Insights', 3, '2026-01-25 18:54:29', 1),
	(87, 28, 'Azure DevOps', 4, '2026-01-25 18:54:29', 1),
	(88, 29, 'Azure Advisor', 1, '2026-01-25 18:54:41', 1),
	(89, 29, 'Azure Cognitive Services', 2, '2026-01-25 18:54:41', 1),
	(90, 29, 'Azure Application Insights', 3, '2026-01-25 18:54:41', 1),
	(91, 29, 'Azure DevOps', 4, '2026-01-25 18:54:41', 1),
	(92, 30, 'Azure Advisor', 1, '2026-01-25 18:54:52', 1),
	(93, 30, 'Azure Cognitive Services', 2, '2026-01-25 18:54:52', 1),
	(94, 30, 'Azure Application Insights', 3, '2026-01-25 18:54:52', 1),
	(95, 30, 'Azure DevOps', 4, '2026-01-25 18:54:52', 1),
	(96, 31, 'Using the Azure storage - BLOB service', 1, '2026-01-25 18:58:51', 1),
	(97, 31, 'Using the Azure storage - File service', 2, '2026-01-25 18:58:51', 1),
	(98, 31, 'Using the Azure storage - Queue service', 3, '2026-01-25 18:58:51', 1),
	(99, 31, 'Using the Azure storage - Table service', 4, '2026-01-25 18:58:51', 1),
	(100, 32, 'Azure SQL Database', 1, '2026-01-25 18:59:06', 1),
	(101, 32, 'Azure Cosmos DB', 2, '2026-01-25 18:59:06', 1),
	(102, 32, 'Azure Redis Cache', 3, '2026-01-25 18:59:06', 1),
	(103, 32, 'Azure Synapse Analytics', 4, '2026-01-25 18:59:06', 1),
	(104, 33, 'Yes', 1, '2026-01-25 18:59:17', 1),
	(105, 33, 'No', 2, '2026-01-25 18:59:17', 1),
	(106, 34, 'Yes', 1, '2026-01-25 18:59:26', 1),
	(107, 34, 'No', 2, '2026-01-25 18:59:26', 1),
	(108, 35, 'Yes', 1, '2026-01-25 18:59:35', 1),
	(109, 35, 'No', 2, '2026-01-25 18:59:35', 1),
	(110, 36, 'Azure Functions', 1, '2026-01-25 18:59:43', 1),
	(111, 36, 'Azure Logic Apps', 2, '2026-01-25 18:59:43', 1),
	(112, 36, 'Azure Batch', 3, '2026-01-25 18:59:43', 1),
	(113, 36, 'Azure Machine Learning Studio', 4, '2026-01-25 18:59:43', 1),
	(114, 37, 'Yes', 1, '2026-01-25 18:59:53', 1),
	(115, 37, 'No', 2, '2026-01-25 18:59:53', 1),
	(116, 38, 'Yes', 1, '2026-01-25 19:00:04', 1),
	(117, 38, 'No', 2, '2026-01-25 19:00:04', 1),
	(118, 39, 'Yes', 1, '2026-01-25 19:00:13', 1),
	(119, 39, 'No', 2, '2026-01-25 19:00:13', 1),
	(120, 40, 'Azure CLI', 1, '2026-01-25 19:02:01', 1),
	(121, 40, 'Azure PowerShell', 2, '2026-01-25 19:02:01', 1),
	(122, 40, 'The Azure Portal', 3, '2026-01-25 19:02:01', 1),
	(123, 41, 'Microsoft Entra Connect', 1, '2026-01-25 19:05:48', 1),
	(124, 41, 'Microsoft Entra ID Protection', 2, '2026-01-25 19:05:48', 1),
	(125, 41, 'Microsoft Entra Privileged Identity Management', 3, '2026-01-25 19:05:48', 1),
	(126, 41, 'Microsoft Defender for Identity', 4, '2026-01-25 19:05:48', 1),
	(127, 42, 'Network Security Groups', 1, '2026-01-25 19:05:57', 1),
	(128, 42, 'Microsoft Entra ID Protection', 2, '2026-01-25 19:05:57', 1),
	(129, 42, 'Azure VPN', 3, '2026-01-25 19:05:57', 1),
	(130, 42, 'Azure Route tables', 4, '2026-01-25 19:05:57', 1),
	(131, 43, 'Resource Groups', 1, '2026-01-25 19:06:53', 1),
	(132, 43, 'Management Groups', 2, '2026-01-25 19:06:53', 1),
	(133, 43, 'Azure Policies', 3, '2026-01-25 19:06:53', 1),
	(134, 43, 'Azure Resource Manager templates', 4, '2026-01-25 19:06:53', 1),
	(135, 44, 'Yes', 1, '2026-01-25 19:07:26', 1),
	(136, 44, 'No', 2, '2026-01-25 19:07:26', 1),
	(137, 45, 'Yes', 1, '2026-01-25 19:07:45', 1),
	(138, 45, 'No', 2, '2026-01-25 19:07:45', 1),
	(139, 46, 'Yes', 1, '2026-01-25 19:08:00', 1),
	(140, 46, 'No', 2, '2026-01-25 19:08:00', 1),
	(141, 47, 'Yes', 1, '2026-01-25 19:08:14', 1),
	(142, 47, 'No', 2, '2026-01-25 19:08:14', 1),
	(143, 48, 'Yes', 1, '2026-01-25 19:08:31', 1),
	(144, 48, 'No', 2, '2026-01-25 19:08:31', 1),
	(145, 49, 'Yes', 1, '2026-01-25 19:09:37', 1),
	(146, 49, 'No', 2, '2026-01-25 19:09:37', 1),
	(147, 50, 'Yes', 1, '2026-01-25 19:09:55', 1),
	(148, 50, 'No', 2, '2026-01-25 19:09:55', 1),
	(149, 51, 'Yes', 1, '2026-01-25 19:12:09', 1),
	(150, 51, 'No', 2, '2026-01-25 19:12:09', 1),
	(151, 52, 'Yes', 1, '2026-01-25 19:13:16', 1),
	(152, 52, 'No', 2, '2026-01-25 19:13:16', 1),
	(153, 53, 'Yes', 1, '2026-01-25 19:13:29', 1),
	(154, 53, 'No', 2, '2026-01-25 19:13:29', 1),
	(155, 54, 'Yes', 1, '2026-01-25 19:13:40', 1),
	(156, 54, 'No', 2, '2026-01-25 19:13:40', 1),
	(157, 55, 'Yes', 1, '2026-01-25 19:13:55', 1),
	(158, 55, 'No', 2, '2026-01-25 19:13:55', 1),
	(159, 56, 'Yes', 1, '2026-01-25 19:14:09', 1),
	(160, 56, 'No', 2, '2026-01-25 19:14:09', 1),
	(161, 57, 'Yes', 1, '2026-01-25 19:14:23', 1),
	(162, 57, 'No', 2, '2026-01-25 19:14:23', 1),
	(163, 58, 'Yes', 1, '2026-01-25 19:14:40', 1),
	(164, 58, 'No', 2, '2026-01-25 19:14:40', 1),
	(165, 59, 'Yes', 1, '2026-01-25 19:14:55', 1),
	(166, 59, 'No', 2, '2026-01-25 19:14:55', 1),
	(167, 60, 'Yes', 1, '2026-01-25 19:15:35', 1),
	(168, 60, 'No', 2, '2026-01-25 19:15:35', 1),
	(169, 61, 'Yes', 1, '2026-02-13 02:56:03', 1),
	(170, 61, 'No', 2, '2026-02-13 02:56:03', 1),
	(171, 62, 'https://admin.azure.com.', 1, '2026-02-13 02:58:13', 1),
	(172, 62, 'https://admin.azurewebsites.com.', 2, '2026-02-13 02:58:13', 1),
	(173, 62, 'https://portal.microsoft.com.', 3, '2026-02-13 02:58:13', 1),
	(174, 62, 'https://portal.azurewebsites.com.', 4, '2026-02-13 02:58:13', 1),
	(175, 62, 'https://portal.azure.com', 5, '2026-02-13 02:58:13', 1),
	(176, 63, 'Blobs', 1, '2026-02-13 02:59:59', 1),
	(177, 63, 'Files', 2, '2026-02-13 02:59:59', 1),
	(178, 63, 'Tables', 3, '2026-02-13 02:59:59', 1),
	(179, 63, 'Queues', 4, '2026-02-13 02:59:59', 1),
	(180, 64, 'Azure SQL database.', 1, '2026-02-13 03:01:32', 1),
	(181, 64, 'Azure Synapse Analytics.', 2, '2026-02-13 03:01:32', 1),
	(182, 64, 'Azure Data Lake.', 3, '2026-02-13 03:01:32', 1),
	(183, 64, 'Azure Cosmos DB.', 4, '2026-02-13 03:01:32', 1),
	(184, 65, 'Deploy all the virtual machines to the same region.', 1, '2026-02-13 03:03:48', 1),
	(185, 65, 'Deploy all the virtual machines to the same resource group.', 2, '2026-02-13 03:03:48', 1),
	(186, 65, 'Deploy all the virtual machines to the same availability zone.', 3, '2026-02-13 03:03:48', 1),
	(187, 65, 'Deploy all the virtual machines to the same scale.', 4, '2026-02-13 03:03:48', 1),
	(188, 66, 'The Azure platform is a public cloud platform wherein all the resources can be accessed by the public.', 1, '2026-02-13 03:05:19', 1),
	(189, 66, 'The Azure platform is a private cloud platform wherein all the resources can be accessed only by a private handful of people.', 2, '2026-02-13 03:05:19', 1),
	(190, 66, 'The Azure platform is a shared platform wherein multiple companies can use a portion of the resources on the platform.', 3, '2026-02-13 03:05:19', 1),
	(191, 66, 'The Azure platform is an ecommerce platform wherein users can buy and sell resources as required.', 4, '2026-02-13 03:05:19', 1),
	(192, 67, 'Dedicated hardware resources.', 1, '2026-02-13 03:07:29', 1),
	(193, 67, 'Shared infrastructure.', 2, '2026-02-13 03:07:29', 1),
	(194, 67, 'Pay-as-you-go model. ', 3, '2026-02-13 03:07:29', 1),
	(195, 67, 'On-premises deployment.', 4, '2026-02-13 03:07:29', 1),
	(196, 67, 'Limited geographic availability', 5, '2026-02-13 03:07:29', 1),
	(197, 68, 'Yes', 1, '2026-02-13 03:08:18', 1),
	(198, 68, 'No', 2, '2026-02-13 03:08:18', 1),
	(199, 69, 'Software as a Service (SaaS).', 1, '2026-02-13 03:09:24', 1),
	(200, 69, 'Platform as a Service (PaaS).', 2, '2026-02-13 03:09:24', 1),
	(201, 69, 'Infrastructure as a Service (laaS).', 3, '2026-02-13 03:09:24', 1),
	(202, 69, 'Database as a Service (DaaS).', 4, '2026-02-13 03:09:24', 1),
	(203, 70, 'A complete migration to the public cloud.', 1, '2026-02-13 03:12:14', 1),
	(204, 70, 'An additional data center.', 2, '2026-02-13 03:12:14', 1),
	(205, 70, 'A private cloud.', 3, '2026-02-13 03:12:14', 1),
	(206, 70, 'A hybrid cloud.', 4, '2026-02-13 03:12:14', 1),
	(207, 71, 'The public cloud is owned by the public, NOT a private corporation.', 1, '2026-02-28 11:02:30', 1),
	(208, 71, 'The public cloud is a crowd-sourcing solution that provides corporations with the ability to enhance the cloud.', 2, '2026-02-28 11:02:30', 1),
	(209, 71, 'All public cloud resources can be freely accessed by every member of the public.', 3, '2026-02-28 11:02:30', 1),
	(210, 71, 'The public cloud is a shared entity whereby multiple corporations each use a portion of the resources in the cloud.', 4, '2026-02-28 11:02:30', 1),
	(211, 72, 'Operational.', 1, '2026-02-28 11:02:30', 1),
	(212, 72, 'Elastic.', 2, '2026-02-28 11:02:30', 1),
	(213, 72, 'Capital.', 3, '2026-02-28 11:02:30', 1),
	(214, 72, 'Scalable.', 4, '2026-02-28 11:02:30', 1),
	(215, 73, 'An Azure web app.', 1, '2026-02-28 11:02:30', 1),
	(216, 73, 'An Azure virtual machine.', 2, '2026-02-28 11:02:30', 1),
	(217, 73, 'An Azure logic app.', 3, '2026-02-28 11:02:30', 1),
	(218, 73, 'An Azure SQL database', 4, '2026-02-28 11:02:30', 1),
	(219, 74, 'Azure Reserved Virtual Machine (VM) Instances.', 1, '2026-02-28 11:02:30', 1),
	(220, 74, 'Azure DevTest Labs.', 2, '2026-02-28 11:02:30', 1),
	(221, 74, 'Azure virtual machine scale sets.', 3, '2026-02-28 11:02:30', 1),
	(222, 74, 'Microsoft Managed Desktop.', 4, '2026-02-28 11:02:30', 1),
	(223, 75, 'Yes', 1, '2026-02-28 11:02:30', 1),
	(224, 75, 'No', 2, '2026-02-28 11:02:30', 1),
	(225, 76, 'Software as a Service (SaaS).', 1, '2026-02-28 11:02:30', 1),
	(226, 76, 'Platform as a Service (PaaS).', 2, '2026-02-28 11:02:30', 1),
	(227, 76, 'Infrastructure as a Service (laas).', 3, '2026-02-28 11:02:30', 1),
	(228, 77, 'No change is needed.', 1, '2026-02-28 11:02:30', 1),
	(229, 77, 'Is found in each country where Microsoft has a subsidiary office.', 2, '2026-02-28 11:02:30', 1),
	(230, 77, 'Can be found in every country in Europe and the Americas only.', 3, '2026-02-28 11:02:30', 1),
	(231, 77, 'Contains one or more data centers that are connected by using a high-latency network', 4, '2026-02-28 11:02:30', 1),
	(232, 78, 'Command Prompt.', 1, '2026-02-28 11:02:30', 1),
	(233, 78, 'Azure Resource Explorer.', 2, '2026-02-28 11:02:30', 1),
	(234, 78, 'Windows PowerShell.', 3, '2026-02-28 11:02:30', 1),
	(235, 78, 'Windows Defender Firewall.', 4, '2026-02-28 11:02:30', 1),
	(236, 78, 'Network and Sharing Center', 5, '2026-02-28 11:02:30', 1),
	(237, 79, 'Azure Data Lake.', 1, '2026-02-28 11:02:30', 1),
	(238, 79, 'Azure Cosmos DB.', 2, '2026-02-28 11:02:30', 1),
	(239, 79, 'Azure Synapse Analytics.', 3, '2026-02-28 11:02:30', 1),
	(240, 79, 'Azure SQL Database.', 4, '2026-02-28 11:02:31', 1),
	(241, 79, 'Azure Database for PostgreSQL', 5, '2026-02-28 11:02:31', 1),
	(242, 80, 'A physical server failure.', 1, '2026-02-28 11:02:31', 1),
	(243, 80, 'An Azure region failure.', 2, '2026-02-28 11:02:31', 1),
	(244, 80, 'A storage failure.', 3, '2026-02-28 11:02:31', 1),
	(245, 80, 'An Azure data center failure.', 4, '2026-02-28 11:02:31', 1),
	(246, 81, 'Azure Service Fabric.', 1, '2026-02-28 12:12:25', 1),
	(247, 81, 'Azure Monitor.', 2, '2026-02-28 12:12:25', 1),
	(248, 81, 'Azure virtual machines.', 3, '2026-02-28 12:12:25', 1),
	(249, 81, 'Azure Advisor.', 4, '2026-02-28 12:12:25', 1),
	(250, 82, 'Yes', 1, '2026-02-28 12:12:25', 1),
	(251, 82, 'No', 2, '2026-02-28 12:12:25', 1),
	(252, 83, 'Yes', 1, '2026-02-28 12:12:25', 1),
	(253, 83, 'No', 2, '2026-02-28 12:12:25', 1),
	(254, 84, 'One application security group (ASG).', 1, '2026-02-28 12:12:25', 1),
	(255, 84, '10 virtual network gateways.', 2, '2026-02-28 12:12:25', 1),
	(256, 84, '10 Azure ExpressRoute circuits.', 3, '2026-02-28 12:12:25', 1),
	(257, 84, 'One Azure firewall.', 4, '2026-02-28 12:12:25', 1),
	(258, 85, 'A virtual network gateway.', 1, '2026-02-28 12:12:25', 1),
	(259, 85, 'A load balancer.', 2, '2026-02-28 12:12:25', 1),
	(260, 85, 'An application gateway.', 3, '2026-02-28 12:12:25', 1),
	(261, 85, 'A virtual network.', 4, '2026-02-28 12:12:25', 1),
	(262, 85, 'A gateway subnet.', 5, '2026-02-28 12:12:25', 1),
	(263, 86, 'Yes', 1, '2026-02-28 12:12:25', 1),
	(264, 86, 'No', 2, '2026-02-28 12:12:25', 1),
	(265, 87, 'A resource group for FinServer and another resource group for all the other servers.', 1, '2026-02-28 12:12:25', 1),
	(266, 87, 'A virtual network for FinServer and another virtual network for all the other servers.', 2, '2026-02-28 12:12:25', 1),
	(267, 87, 'A VPN for FinServer and a virtual network gateway for another server.', 3, '2026-02-28 12:12:25', 1),
	(268, 87, 'One resource group for all the servers and a resource lock for FinServer.', 4, '2026-02-28 12:12:25', 1),
	(269, 88, 'An Azure SQL database.', 1, '2026-02-28 12:12:25', 1),
	(270, 88, 'A virtual machine data disk.', 2, '2026-02-28 12:12:25', 1),
	(271, 88, 'A Files service in a storage account.', 3, '2026-02-28 12:12:25', 1),
	(272, 88, 'A Blobs service in a storage account.', 4, '2026-02-28 12:12:25', 1),
	(273, 89, 'A subscription.', 1, '2026-02-28 12:12:25', 1),
	(274, 89, 'A resource group.', 2, '2026-02-28 12:12:25', 1),
	(275, 89, 'A virtual network.', 3, '2026-02-28 12:12:25', 1),
	(276, 89, 'A management group.', 4, '2026-02-28 12:12:25', 1),
	(277, 90, 'A web app.', 1, '2026-02-28 12:12:25', 1),
	(278, 90, 'A server image in Azure Marketplace.', 2, '2026-02-28 12:12:25', 1),
	(279, 90, 'A logic app.', 3, '2026-02-28 12:12:25', 1),
	(280, 90, 'An API app.', 4, '2026-02-28 12:12:25', 1),
	(281, 91, 'An application gateway.', 1, '2026-03-01 03:49:05', 1),
	(282, 91, 'An Azure ExpressRoute circuit.', 2, '2026-03-01 03:49:05', 1),
	(283, 91, 'A content delivery network (CDN).', 3, '2026-03-01 03:49:05', 1),
	(284, 91, 'An Azure Traffic Manager profile.', 4, '2026-03-01 03:49:05', 1),
	(285, 92, 'Azure Data Lake.', 1, '2026-03-01 03:49:05', 1),
	(286, 92, 'Azure Queue storage.', 2, '2026-03-01 03:49:05', 1),
	(287, 92, 'Azure File Storage.', 3, '2026-03-01 03:49:05', 1),
	(288, 92, 'Azure IoT Hub.', 4, '2026-03-01 03:49:05', 1),
	(289, 92, 'Azure Notification Hubs.', 5, '2026-03-01 03:49:05', 1),
	(290, 93, 'Azure CLI.', 1, '2026-03-01 03:49:05', 1),
	(291, 93, 'The Azure portal.', 2, '2026-03-01 03:49:05', 1),
	(292, 93, 'Azure Cloud Shell.', 3, '2026-03-01 03:49:05', 1),
	(293, 93, 'Windows PowerShell.', 4, '2026-03-01 03:49:05', 1),
	(294, 93, 'Azure Storage Explorer.', 5, '2026-03-01 03:49:05', 1),
	(295, 94, 'Azure Logic Apps.', 1, '2026-03-01 03:49:05', 1),
	(296, 94, 'Azure Machine Learning Studio.', 2, '2026-03-01 03:49:05', 1),
	(297, 94, 'Azure Batch.', 3, '2026-03-01 03:49:05', 1),
	(298, 94, 'Azure Cosmos DB.', 4, '2026-03-01 03:49:05', 1),
	(299, 95, 'Yes', 1, '2026-03-01 03:49:05', 1),
	(300, 95, 'No', 2, '2026-03-01 03:49:05', 1),
	(301, 96, 'Yes', 1, '2026-03-01 03:49:05', 1),
	(302, 96, 'No', 2, '2026-03-01 03:49:05', 1),
	(303, 97, 'Azure Virtual Machines.', 1, '2026-03-01 03:49:05', 1),
	(304, 97, 'Azure Functions.', 2, '2026-03-01 03:49:05', 1),
	(305, 97, 'Azure storage account.', 3, '2026-03-01 03:49:05', 1),
	(306, 97, 'Azure Container Instances', 4, '2026-03-01 03:49:05', 1),
	(307, 98, 'Yes', 1, '2026-03-01 03:49:05', 1),
	(308, 98, 'No', 2, '2026-03-01 03:49:05', 1),
	(309, 99, 'Azure Resource Manager templates.', 1, '2026-03-01 03:49:05', 1),
	(310, 99, 'Virtual machine scale sets.', 2, '2026-03-01 03:49:05', 1),
	(311, 99, 'The Azure API Management service.', 3, '2026-03-01 03:49:05', 1),
	(312, 99, 'Management groups.', 4, '2026-03-01 03:49:05', 1),
	(313, 100, 'Azure Event Hubs.', 1, '2026-03-01 03:49:05', 1),
	(314, 100, 'Azure Analysis Services.', 2, '2026-03-01 03:49:05', 1),
	(315, 100, 'Azure Monitor.', 3, '2026-03-01 03:49:05', 1),
	(316, 100, 'Azure Stream Analytics.', 4, '2026-03-01 03:49:05', 1),
	(317, 101, 'Yes', 1, '2026-03-01 04:16:34', 1),
	(318, 101, 'No', 2, '2026-03-01 04:16:34', 1),
	(319, 102, 'Yes', 1, '2026-03-01 04:16:34', 1),
	(320, 102, 'No', 2, '2026-03-01 04:16:34', 1),
	(321, 103, 'Azure Repos.', 1, '2026-03-01 04:16:34', 1),
	(322, 103, 'Azure DevTest Labs.', 2, '2026-03-01 04:16:34', 1),
	(323, 103, 'Azure Storage.', 3, '2026-03-01 04:16:34', 1),
	(324, 103, 'Azure Cosmos DB.', 4, '2026-03-01 04:16:34', 1),
	(325, 104, 'Azure Key Vault.', 1, '2026-03-01 04:16:34', 1),
	(326, 104, 'Microsoft Purview Information Protection.', 2, '2026-03-01 04:16:34', 1),
	(327, 104, 'Microsoft Defender for Cloud.', 3, '2026-03-01 04:16:34', 1),
	(328, 104, 'Azure Multi-Factor Authentication (MFA).', 4, '2026-03-01 04:16:34', 1),
	(329, 105, 'Network Security Group (NSG).', 1, '2026-03-01 04:16:34', 1),
	(330, 105, 'Microsoft Entra ID role.', 2, '2026-03-01 04:16:34', 1),
	(331, 105, 'Microsoft Entra ID group.', 3, '2026-03-01 04:16:34', 1),
	(332, 105, 'Azure key vault.', 4, '2026-03-01 04:16:34', 1),
	(333, 106, 'No change is needed.', 1, '2026-03-01 04:16:34', 1),
	(334, 106, 'Only enterprises that are registered in Germany.', 2, '2026-03-01 04:16:34', 1),
	(335, 106, 'Only enterprises that purchase their azure licenses from a partner based in Germany.', 3, '2026-03-01 04:16:34', 1),
	(336, 106, 'This service has been discontinued. Azure Germany was retired in 2021', 4, '2026-03-01 04:16:34', 1),
	(337, 107, 'Yes', 1, '2026-03-01 04:16:34', 1),
	(338, 107, 'No', 2, '2026-03-01 04:16:34', 1),
	(339, 108, 'Yes', 1, '2026-03-01 04:16:34', 1),
	(340, 108, 'No', 2, '2026-03-01 04:16:34', 1),
	(341, 109, 'Yes', 1, '2026-03-01 04:16:34', 1),
	(342, 109, 'No', 2, '2026-03-01 04:16:34', 1),
	(343, 110, 'A Canadian government contractor.', 1, '2026-03-01 04:16:34', 1),
	(344, 110, 'A European government contractor.', 2, '2026-03-01 04:16:34', 1),
	(345, 110, 'A United States government entity.', 3, '2026-03-01 04:16:34', 1),
	(346, 110, 'A United States government contractor.', 4, '2026-03-01 04:16:34', 1),
	(347, 110, 'A European government entity.', 5, '2026-03-01 04:16:34', 1);

-- Dumping structure for table quiz_db.question
DROP TABLE IF EXISTS `question`;
CREATE TABLE IF NOT EXISTS `question` (
  `question_id` int NOT NULL AUTO_INCREMENT,
  `topic_id` int NOT NULL,
  `question_text` text CHARACTER SET utf8mb4 COLLATE utf8mb4_general_ci NOT NULL,
  `question_type` enum('SINGLE','MULTIPLE') CHARACTER SET utf8mb4 COLLATE utf8mb4_general_ci NOT NULL,
  `difficulty` enum('EASY','MEDIUM','HARD') CHARACTER SET utf8mb4 COLLATE utf8mb4_general_ci DEFAULT 'MEDIUM',
  `created_at` timestamp NULL DEFAULT CURRENT_TIMESTAMP,
  `is_active` tinyint(1) DEFAULT '1',
  PRIMARY KEY (`question_id`),
  KEY `idx_question_topic` (`topic_id`,`is_active`),
  CONSTRAINT `question_ibfk_1` FOREIGN KEY (`topic_id`) REFERENCES `topic` (`topic_id`)
) ENGINE=InnoDB AUTO_INCREMENT=91 DEFAULT CHARSET=utf8mb4 COLLATE=utf8mb4_general_ci;

-- Dumping data for table quiz_db.question: ~110 rows (approximately)
INSERT INTO `question` (`question_id`, `topic_id`, `question_text`, `question_type`, `difficulty`, `created_at`, `is_active`) VALUES
	(1, 1, 'If you plan to host a web application in the Azure platform as a service solution of Azure Web Apps, then the platform will have the ability to scale automatically?', 'SINGLE', 'MEDIUM', '2026-01-25 17:44:39', 1),
	(2, 1, 'You decide to create 2 Virtual machines. Each virtual machine is of the size D2s v3. Would these machines always generate the same monthly cost?', 'SINGLE', 'MEDIUM', '2026-01-25 17:53:06', 1),
	(3, 1, 'Your team needs to have a tool that provides a digital online assistant that can provide speech support. ', 'SINGLE', 'MEDIUM', '2026-01-25 17:59:44', 1),
	(4, 1, 'Your team needs to have a tool that can use past trainings to provide predictions of very high probability. Which of the following service can be used for this purpose?', 'SINGLE', 'MEDIUM', '2026-01-25 18:11:22', 1),
	(5, 1, 'Your team needs to have a tool that can provide serverless computing capabilities. Which of the following service can be used for this purpose?', 'SINGLE', 'MEDIUM', '2026-01-25 18:17:04', 1),
	(6, 1, 'Your team needs to have a tool that can be used to process data from millions of sensors. Which of the following service can be used for this purpose?', 'SINGLE', 'MEDIUM', '2026-01-25 18:23:18', 1),
	(7, 1, 'A company needs to deploy a set of resources to Azure. Below are the key requirements for the deployment: The need to be deployed across several departments. The resources that need to be deployed are all of the same type. You need to recommend a solution to automate the deployment of the Azure resources. Which of the following would you use for this requirement?', 'SINGLE', 'MEDIUM', '2026-01-25 18:27:35', 1),
	(8, 1, 'Your company needs to deploy an application to virtual machines hosted in Azure. The solution must ensure an SLA of 99.99%. What is the minimum number of virtual machines and availability zones that you need to recommend for the deployment?', 'SINGLE', 'MEDIUM', '2026-01-25 18:32:03', 1),
	(9, 1, 'Your team needs a tool that can be used to correlate events from multiple resources into a central repository. Which of the following can be used for this purpose?', 'SINGLE', 'MEDIUM', '2026-01-25 18:36:34', 1),
	(10, 1, 'A company is planning on hosting an application on an Azure Virtual Machine. It needs to be ensured that the application hosted on the virtual machine is accessible from the Internet over HTTPS. You decide to implement a DDoS protection plan. Would this satisfy the requirement?', 'SINGLE', 'MEDIUM', '2026-01-25 18:41:21', 1),
	(11, 1, 'A company is planning on hosting an application on an Azure Virtual Machine. It needs to be ensured that the application hosted on the virtual machine is accessible from the Internet over HTTPS. You decide to implement an Azure Traffic Manager profile. Would this satisfy the requirement?', 'SINGLE', 'MEDIUM', '2026-01-25 18:47:53', 1),
	(12, 1, 'Which of the following customers are eligible to use Azure Government to develop a cloud solution? Choose 2 answers from the options given below.', 'MULTIPLE', 'MEDIUM', '2026-01-25 18:48:15', 1),
	(13, 1, 'A team is currently planning on using Azure for hosting resources. They are going to create users which would have access to the Azure resources. They want to implement Multi-Factor authentication for the users. Is it required to deploy a federated solution to implement Multi-Factor authentication?', 'SINGLE', 'MEDIUM', '2026-01-25 18:48:42', 1),
	(14, 1, 'A team is currently planning on using Azure for hosting resources. They are going to create users which would have access to the Azure resources. They want to implement Multi-Factor authentication for the users. Are two valid methods for Azure Multi-Factor authentication picture identification and entering a passport number.', 'SINGLE', 'MEDIUM', '2026-01-25 18:48:57', 1),
	(15, 1, 'Which of the following support plan gives you access to best practice information, health status and notifications, and 24/7 access to billing information at the lowest possible cost.', 'SINGLE', 'MEDIUM', '2026-01-25 18:49:05', 1),
	(16, 1, 'If you plan to host a web application in the Azure platform as a service solution of Azure Web Apps, then you will have complete control over the underlying operating system.', 'SINGLE', 'MEDIUM', '2026-01-25 18:49:14', 1),
	(17, 1, 'You decide to create a virtual machine which is of the size D2s_v3. If you plan to stop the virtual machine, will you incur any costs for the storage associated with the virtual machine.', 'SINGLE', 'MEDIUM', '2026-01-25 18:49:22', 1),
	(18, 1, 'Your company is planning on using Azure for hosting Infrastructure level resources such as Azure Virtual Machines. When planning for the costing aspect for these resources, is there a flexibility offered when it comes to Capital and Operational Expenditure.', 'SINGLE', 'MEDIUM', '2026-01-25 18:49:29', 1),
	(19, 1, 'You are looking at using a Software as a Service in Azure. Which of the following would you be responsible for?', 'SINGLE', 'MEDIUM', '2026-01-25 18:49:52', 1),
	(20, 1, 'A company is planning on migrating all of their on-premises servers to Azure. Their business continuity department has advised that they need to ensure that servers hosted in Azure are available even if an Azure Data Center were to go down. Which of the following is a concept that would be involved in the design stage for this requirement.', 'SINGLE', 'MEDIUM', '2026-01-25 18:50:02', 1),
	(21, 1, 'Under which of the following circumstances could a company look at decommissioning its data center?', 'SINGLE', 'MEDIUM', '2026-01-25 18:53:10', 1),
	(22, 1, 'A company is planning on migrating a web site to Azure. This is a public web site that is used by users on the Internet. Which of the following must the company plan for if they are planning to migrate the web site to Azure?', 'SINGLE', 'MEDIUM', '2026-01-25 18:53:24', 1),
	(23, 1, 'An administrator needs to run a script written in PowerShell. This script is going to create a virtual machine in Azure. Would the script run on a computer that runs Linux and has the Azure CLI tools installed?', 'SINGLE', 'MEDIUM', '2026-01-25 18:53:33', 1),
	(24, 1, 'An administrator needs to run a script written in PowerShell. This script is going to create a virtual machine in Azure. Would you be able to run the script on a machine that has Chrome OS installed and uses Azure Cloud Shell?', 'SINGLE', 'MEDIUM', '2026-01-25 18:53:41', 1),
	(25, 1, 'An administrator needs to run a script written in PowerShell. This script is going to create a virtual machine in Azure. Would you be able to run the script on a machine that has macOS and PowerShell core installed?', 'SINGLE', 'MEDIUM', '2026-01-25 18:53:50', 1),
	(26, 1, 'An Administrator needs to view the list of planned maintenance events that could potentially affect the availability of the resources hosted in an Azure subscription. Which of the following blade in the Azure portal should the administrator consider for this requirement?', 'SINGLE', 'MEDIUM', '2026-01-25 18:54:01', 1),
	(27, 1, 'Your team needs to have an integrated solution in place that can be used for the deployment of code. Which of the following service can be used for this purpose?', 'SINGLE', 'MEDIUM', '2026-01-25 18:54:15', 1),
	(28, 1, 'Your team needs a tool that can provide guidance and recommendations that can be used to improve an Azure environment. Which of the following service can be used for this purpose?', 'SINGLE', 'MEDIUM', '2026-01-25 18:54:29', 1),
	(29, 1, 'Your team needs to use a tool that can be used to build intelligent Artificial Intelligence based applications. Which of the following service can be used for this purpose?', 'SINGLE', 'MEDIUM', '2026-01-25 18:54:41', 1),
	(30, 1, 'Your team needs to have a tool that can be used to monitor web applications deployed to Azure. Which of the following service can be used for this purpose?', 'SINGLE', 'MEDIUM', '2026-01-25 18:54:52', 1),
	(31, 1, 'A team currently has several computers in their on-premises environment that runs on Windows 10. They need to share files by enabling mapped drives from the computers. Which of the following would be an ideal storage solution for this requirement?', 'SINGLE', 'MEDIUM', '2026-01-25 18:58:51', 1),
	(32, 1, 'A company wants to have a data store hosted in Azure. Below are the key requirements for the data store: The data store must be able to store JSON documents. The data store must be able to handle data writes from multiple regions. Which of the following would be the ideal data store for this requirement?', 'SINGLE', 'MEDIUM', '2026-01-25 18:59:06', 1),
	(33, 1, 'A team is planning on deploying Azure Virtual Machines to a resource group named demogroup. The group has been created in the US Central region. Do the virtual machines deployed to the resource group also need to be deployed to the US Central region only?', 'SINGLE', 'MEDIUM', '2026-01-25 18:59:17', 1),
	(34, 1, 'A team is planning on assigning tags to a resource group. Would the tag be inherited by resources in the resource group?', 'SINGLE', 'MEDIUM', '2026-01-25 18:59:26', 1),
	(35, 1, 'A set of IAM permissions have been assigned to a resource group. Would the resources in the resource group automatically inherit the IAM permissions assigned to the resource group?', 'SINGLE', 'MEDIUM', '2026-01-25 18:59:35', 1),
	(36, 1, 'Which of the following service can be used to build, test and deploy a predictive analytics solution that could subsequently be used to deploy an Artificial Intelligence solution to Azure?', 'SINGLE', 'MEDIUM', '2026-01-25 18:59:43', 1),
	(37, 1, 'Your team is planning on using the Azure Advisor tool. Would the Azure Advisor tool give recommendations on how to configure network settings for Azure virtual machines?', 'SINGLE', 'MEDIUM', '2026-01-25 18:59:53', 1),
	(38, 1, 'Your team is planning on using the Azure Advisor tool. Would the Azure Advisor tool give recommendations on how to save costs when it comes to hosting virtual machines in Azure?', 'SINGLE', 'MEDIUM', '2026-01-25 19:00:04', 1),
	(39, 1, 'Your team is planning on using the Azure Advisor tool. Would the Azure Advisor tool give recommendations on how to improve the security for Microsoft Entra ID?', 'SINGLE', 'MEDIUM', '2026-01-25 19:00:13', 1),
	(40, 1, 'A support engineer currently has a computer that runs Ubuntu. Which of the following Azure Management tools could be run from this computer?', 'MULTIPLE', 'MEDIUM', '2026-01-25 19:02:01', 1),
	(41, 1, 'Your company has just setup an Azure account and Microsoft Entra ID. They need to ensure that when users connect to Microsoft Entra ID from the Internet from an Anonymous IP address, they are prompted to change their password automatically. Which of the following Azure service can help them achieve this requirement?', 'SINGLE', 'MEDIUM', '2026-01-25 19:05:48', 1),
	(42, 1, 'A company is planning to create several virtual machines that will be used to host web and database servers. You need to limit the type of connections from the web and database servers. Which of the following can be used to fulfil this requirement?', 'SINGLE', 'MEDIUM', '2026-01-25 19:05:57', 1),
	(43, 1, 'Which of the following can be used to allow an organization to manage the compliance of resources across multiple subscriptions?', 'SINGLE', 'MEDIUM', '2026-01-25 19:06:53', 1),
	(44, 1, 'Your company is planning on setting an Azure environment by setting up a subscription and Microsoft Entra ID. They need to purchase a low-cost option support plan. The support plan needs to ensure 24*7 access to support engineers by phone or email. You suggest opting for the Basic Support plan. Does this support the requirement?', 'SINGLE', 'MEDIUM', '2026-01-25 19:07:26', 1),
	(45, 1, 'Your company is planning on setting an Azure environment by setting up a subscription and Microsoft Entra ID. They need to purchase a low-cost option support plan. The support plan needs to ensure 24*7 access to support engineers by phone or email. You suggest opting for the Standard Support plan. Does this support the requirement?', 'SINGLE', 'MEDIUM', '2026-01-25 19:07:45', 1),
	(46, 1, 'Does Microsoft release most of the Azure services in private preview before being introduced in public preview?', 'SINGLE', 'MEDIUM', '2026-01-25 19:08:00', 1),
	(47, 1, 'Is it true that Azure services released in public preview can only be managed via the Azure command line interface?', 'SINGLE', 'MEDIUM', '2026-01-25 19:08:14', 1),
	(48, 1, 'Is it true that an Azure service that is released in private preview is made available to all Azure customers?', 'SINGLE', 'MEDIUM', '2026-01-25 19:08:31', 1),
	(49, 1, 'Is it true that an Azure service that is released in public preview is made available to all Azure customers?', 'SINGLE', 'MEDIUM', '2026-01-25 19:09:37', 1),
	(50, 1, 'Is it true that an Azure service that is released as generally available is made available to all Azure customers?', 'SINGLE', 'MEDIUM', '2026-01-25 19:09:55', 1),
	(51, 1, 'Can a single Microsoft Account be used to manage multiple Azure subscriptions?', 'SINGLE', 'MEDIUM', '2026-01-25 19:12:09', 1),
	(52, 1, 'Is it possible to merge subscriptions into a single subscription?', 'SINGLE', 'MEDIUM', '2026-01-25 19:13:16', 1),
	(53, 1, 'A company has just started using Azure. They have setup a subscription and started deploying resources to Azure. Would they be guaranteed a service level agreement of at least 99.9% for paid Azure services?', 'SINGLE', 'MEDIUM', '2026-01-25 19:13:29', 1),
	(54, 1, 'A company has just started using Azure. They have setup a subscription and started deploying resources to Azure. Could the company increase the SLA for their resources by deploying resources across multiple regions?', 'SINGLE', 'MEDIUM', '2026-01-25 19:13:40', 1),
	(55, 1, 'A company has just started using Azure. They have setup a subscription and started deploying resources to Azure. Could the company increase the SLA for their resources by purchasing multiple subscriptions?', 'SINGLE', 'MEDIUM', '2026-01-25 19:13:55', 1),
	(56, 1, 'A set of virtual machines have been created in a subscription. You have now paid for a new subscription. Is it possible to move the virtual machines to the new subscription?', 'SINGLE', 'MEDIUM', '2026-01-25 19:14:09', 1),
	(57, 1, 'A company has defined the following resources in Azure: 10 Public IP addresses. 20 users in Microsoft Entra ID. 5 user groups in Microsoft Entra ID. They now want to reduce the costs associated with the Azure account. Would the removal of the users from the account help reduce the cost?', 'SINGLE', 'MEDIUM', '2026-01-25 19:14:23', 1),
	(58, 1, 'A company has defined the following resources in Azure: 10 Public IP addresses. 20 users in Microsoft Entra ID. 5 user groups in Microsoft Entra ID. They now want to reduce the costs associated with the Azure account. Would the removal of the user groups from the account help reduce the cost?', 'SINGLE', 'MEDIUM', '2026-01-25 19:14:40', 1),
	(59, 1, 'A company has defined the following resources in Azure: 10 Public IP addresses. 20 users in Microsoft Entra ID. 5 user groups in Microsoft Entra ID. They now want to reduce the costs associated with the Azure account. Would the removal of the public IP addresses from the account help reduce the cost?', 'SINGLE', 'MEDIUM', '2026-01-25 19:14:55', 1),
	(60, 1, 'A team member currently has a laptop that is based on the Android OS. The team member wants to create a virtual machine in Azure. The team member decides to use the Azure portal to create the virtual machine. Would this suit the purpose?', 'SINGLE', 'MEDIUM', '2026-01-25 19:15:35', 1),
	(61, 1, 'A team member currently has a laptop that is based on the Android OS. The team member wants to create a virtual machine in Azure. The team member decides to use the PowerApps portal to create the virtual machine. Would this suit the purpose?', 'SINGLE', 'MEDIUM', '2026-02-13 02:56:03', 1),
	(62, 1, 'Which of the following URL is used to manage the creation of Azure resources?', 'SINGLE', 'MEDIUM', '2026-02-13 02:58:13', 1),
	(63, 1, 'You need to create a virtual machine in Azure. Which of the following storage account service is used to store the data disks for the virtual machine?', 'SINGLE', 'MEDIUM', '2026-02-13 02:59:59', 1),
	(64, 1, 'Your company needs to have a data store in Azure. Below are the key requirements for the data store: The data store should be capable of storing 10TB of data. The data would be accessed infrequently. The data would need to be visualised using PowerBI. Which of the following services could you use for this requirement? Choose 2 answers from the options given below.', 'MULTIPLE', 'MEDIUM', '2026-02-13 03:01:32', 1),
	(65, 1, 'You need to deploy several virtual machines to Azure. You need to ensure that you can assign permissions to the virtual machines simultaneously. Which of the following can be implemented to fulfil this requirement?', 'SINGLE', 'MEDIUM', '2026-02-13 03:03:48', 1),
	(66, 1, 'Which of the following is a benefit of moving on-premises servers to the Azure cloud environment?', 'SINGLE', 'MEDIUM', '2026-02-13 03:05:19', 1),
	(67, 1, 'What are two key characteristics of the public cloud?', 'MULTIPLE', 'MEDIUM', '2026-02-13 03:07:29', 1),
	(68, 1, 'Your company plans to migrate all its data and resources to Azure. The company migration plan states that only Platform as a Service (PaaS) solutions must be used in Azure. You need to deploy an Azure environment that meets the company migration plan. Solution: You create an Azure App Service and Azure SQL databases. Does this meet the goal?', 'SINGLE', 'MEDIUM', '2026-02-13 03:08:18', 1),
	(69, 1, 'You plan to migrate a web application to Azure. The web application is accessed by external users. You need to recommend a cloud deployment solution to minimize the amount of administrative effort used to manage the web application. What should you include in the recommendation?', 'SINGLE', 'MEDIUM', '2026-02-13 03:09:24', 1),
	(70, 1, 'You have an on-premises network that contains 100 servers. You need to recommend a solution that provides additional resources to your users. The solution must minimize capital and operational expenditure costs. What should you include in the recommendation?', 'SINGLE', 'MEDIUM', '2026-02-13 03:12:14', 1),
	(71, 1, 'You plan to migrate several servers from an on-premises network to Azure. What is an advantage of using a public cloud service for the servers over an on-premises network?', 'SINGLE', 'MEDIUM', '2026-02-28 11:02:30', 1),
	(72, 1, 'You have 1,000 virtual machines hosted on the Hyper-V hosts in a data center. You plan to migrate all the virtual machines to an Azure pay-as-you-go subscription. You need to identify which expenditure model to use for the planned Azure solution. Which expenditure model should you identify?', 'SINGLE', 'MEDIUM', '2026-02-28 11:02:30', 1),
	(73, 1, 'You plan to provision Infrastructure as a Service (laaS) resources in Azure. Which resource is an example of laaS?', 'SINGLE', 'MEDIUM', '2026-02-28 11:02:30', 1),
	(74, 1, 'A team of developers at your company plans to deploy, and then remove, 50 virtual machines each week. All the virtual machines are configured by using Azure Resource Manager templates. You need to recommend which Azure service will minimize the administrative effort required to deploy and remove the virtual machines. What should you recommend?', 'SINGLE', 'MEDIUM', '2026-02-28 11:02:30', 1),
	(75, 1, 'Your company plans to migrate all its data and resources to Azure. The company migration plan states that only Platform as a Service (PaaS) solutions must be used in Azure. You need to deploy an Azure environment that meets the company migration plan. Solution: You create an Azure virtual machines, Azure SQL databases, and Azure Storage accounts. Does this meet the goal?', 'SINGLE', 'MEDIUM', '2026-02-28 11:02:30', 1),
	(76, 1, 'Your company plans to deploy several custom applications to Azure. The applications will provide invoicing services to the customers of the company. Each application will have several prerequisite applications and services installed. You need to recommend a cloud deployment solution for all the applications. What should you recommend?', 'SINGLE', 'MEDIUM', '2026-02-28 11:02:30', 1),
	(77, 1, '[An Azure region] contains one or more data centers that are connected by using a low-latency network.', 'SINGLE', 'MEDIUM', '2026-02-28 11:02:30', 1),
	(78, 1, 'A support engineer plans to perform several Azure management tasks by using the Azure CLI. You install the CLI on a computer. You need to tell the support engineer which tools to use to run the CLI. Which two tools should you instruct the support engineer to use?', 'MULTIPLE', 'MEDIUM', '2026-02-28 11:02:30', 1),
	(79, 1, 'You plan to store 20 TB of data in Azure. The data will be accessed infrequently and visualized by using Microsoft Power BI. You need to recommend a storage solution for the data Which two solutions should you recommend?', 'MULTIPLE', 'MEDIUM', '2026-02-28 11:02:30', 1),
	(80, 1, 'You need to identify the type of failure for which an Azure Availability Zone can be used to protect access to Azure services. What should you identify?', 'SINGLE', 'MEDIUM', '2026-02-28 11:02:31', 1),
	(81, 1, 'You have a virtual machine named VM1 that runs Windows Server 2016. VM1 is in the East US Azure region. Which Azure service should you use from the Azure portal to view service failure notifications that can affect the availability of VM1?', 'SINGLE', 'MEDIUM', '2026-02-28 12:12:25', 1),
	(82, 1, 'An Azure administrator plans to run a PowerShell script that creates Azure resources. You need to recommend which computer configuration to use to run the script. Solution: Run the script from a computer that runs Linux and has the Azure CLI tools installed. Does this meet the goal?', 'SINGLE', 'MEDIUM', '2026-02-28 12:12:25', 1),
	(83, 1, 'An Azure administrator plans to run a PowerShell script that creates Azure resources. You need to recommend which computer configuration to use to run the script. Solution: Run the script from a computer that runs Chrome OS and uses Azure Cloud Shell Does this meet the goal?', 'SINGLE', 'MEDIUM', '2026-02-28 12:12:25', 1),
	(84, 1, 'You have an Azure environment that contains 10 virtual networks and 100 virtual machines You need to limit the amount of inbound traffic to all the Azure virtual network. What should you create?', 'SINGLE', 'MEDIUM', '2026-02-28 12:12:25', 1),
	(85, 1, 'You have an Azure environment that contains multiple Azure virtual machines. You plan to implement a solution that enables the client computers on your on-premises network to communicate to the Azure virtual machines. You need to recommend which Azure resources must be created for the planned solution. Which two Azure resources should you include in the recommendation?', 'MULTIPLE', 'MEDIUM', '2026-02-28 12:12:25', 1),
	(86, 1, 'You have an Azure environment. You need to create a new Azure virtual machine from a tablet that runs the Android operating system. Solution: You use Bash in Azure Cloud Shell. Does this meet the goal?', 'SINGLE', 'MEDIUM', '2026-02-28 12:12:25', 1),
	(87, 1, 'Your company plans to move several servers to Azure. The company compliance policy states that a server named FinServer must be on a separate network segment. You are evaluating which Azure services can be used to meet the compliance policy requirements. Which Azure solution should you recommend?', 'SINGLE', 'MEDIUM', '2026-02-28 12:12:25', 1),
	(88, 1, 'You plan to map a network drive from several computers that run Windows 10 to Azure Storage. You need to create a storage solution in Azure for the planned mapped drive. What should you create?', 'SINGLE', 'MEDIUM', '2026-02-28 12:12:25', 1),
	(89, 1, 'Your company plans to migrate all its network resources to Azure. You need to start the planning process by exploring Azure. What should you create first?', 'SINGLE', 'MEDIUM', '2026-02-28 12:12:25', 1),
	(90, 1, 'You have an on-premises application that sends email notifications automatically based on a rule, You plan to migrate the application to Azure. You need to recommend a serverless computing solution for the application. What should you include in the recommendation?', 'SINGLE', 'MEDIUM', '2026-02-28 12:12:25', 1),
	(91, 1, 'You plan to deploy a website to Azure. The website will be accessed by users worldwide and will host large video files. You need to recommend which Azure feature must be used to provide the best video playback experience. What should you recommend?', 'SINGLE', 'MEDIUM', '2026-03-01 03:49:05', 1),
	(92, 1, 'Your company plans to deploy several million sensors that will upload data to Azure. You need to identify which Azure resources must be created to support the planned solution. Which two Azure resources should you identify?', 'MULTIPLE', 'MEDIUM', '2026-03-01 03:49:05', 1),
	(93, 1, 'You have an Azure web app. You need to manage the settings of the web app from an iPhone. What are two Azure management tools that you can use?', 'MULTIPLE', 'MEDIUM', '2026-03-01 03:49:05', 1),
	(94, 1, 'Company plans to deploy an Artificial Intelligence (AI) solution in Azure. What should the company use to build, test, and deploy predictive analytics solutions?', 'SINGLE', 'MEDIUM', '2026-03-01 03:49:05', 1),
	(95, 1, 'You have an Azure subscription named Subscription1. You sign in to the Azure portal and create a resource group named RG1. From Azure documentation, you have the following command that creates a virtual machine named VM1. az vm create --resource-group RG1 --name VM1 --image UbuntuLTS --generate-ssh-keys. You need to create VM1 in Subscription1 by using the command. Solution: From the Azure portal, launch Azure Cloud Shell and select PowerShell. Run the command in Cloud Shell. Does this meet the goal?', 'SINGLE', 'MEDIUM', '2026-03-01 03:49:05', 1),
	(96, 1, 'An Azure administrator plans to run a PowerShell script that creates Azure resources. You need to recommend which computer configuration to use to run the script. Solution: Run the script from a computer that runs Windows 10 and has the Azure PowerShell module installed. Does this meet the goal?', 'SINGLE', 'MEDIUM', '2026-03-01 03:49:05', 1),
	(97, 1, 'Which service provides serverless computing in Azure?', 'SINGLE', 'MEDIUM', '2026-03-01 03:49:05', 1),
	(98, 1, 'You have an Azure subscription named Subscription1. You sign in to the Azure portal and create a resource group named RG1. From Azure documentation, you have the following command that creates a virtual machine named VM1. az vm create --resource-group RG1 --name VM1 --image UbuntuLTS --generate-ssh-keys. You need to create VM1 in Subscription1 by using the command. Solution: From the Azure portal, launch Azure Cloud Shell and select Bash. Run the command in Cloud Shell. Does this meet the goal?', 'SINGLE', 'MEDIUM', '2026-03-01 03:49:05', 1),
	(99, 1, 'Your company has several business units. Each business unit requires 20 different Azure resources for daily operation. All the business units require the same type of Azure resources. You need to recommend a solution to automate the creation of the Azure resources. What should you include in the recommendations?', 'SINGLE', 'MEDIUM', '2026-03-01 03:49:05', 1),
	(100, 1, 'Which Azure service should you use to collect events from multiple resources into a centralized repository?', 'SINGLE', 'MEDIUM', '2026-03-01 03:49:05', 1),
	(101, 1, 'You have an Azure environment. You need to create a new Azure virtual machine from a tablet that runs the Android operating system. Solution: You use the PowerApps portal. Does this meet the goal?', 'SINGLE', 'MEDIUM', '2026-03-01 04:16:34', 1),
	(102, 1, 'You have an Azure environment. You need to create a new Azure virtual machine from a tablet that runs the Android operating system. Solution: You use the Azure portal. Does this meet the goal?', 'SINGLE', 'MEDIUM', '2026-03-01 04:16:34', 1),
	(103, 1, 'Which Azure service provides a set of version control tools to manage code?', 'SINGLE', 'MEDIUM', '2026-03-01 04:16:34', 1),
	(104, 1, 'Your company plans to automate the deployment of servers to Azure. Your manager is concerned that you may expose administrative credentials during the deployment. You need to recommend an Azure solution that encrypts the administrative credentials during the deployment. What should you include in the recommendation?', 'SINGLE', 'MEDIUM', '2026-03-01 04:16:34', 1),
	(105, 1, 'You plan to deploy several Azure virtual machines. You need to control the ports that devices on the Internet can use to access the virtual machines. What should you use?', 'SINGLE', 'MEDIUM', '2026-03-01 04:16:34', 1),
	(106, 1, 'Azure Germany can be used by legal residents of Germany only.', 'SINGLE', 'MEDIUM', '2026-03-01 04:16:34', 1),
	(107, 1, 'Your Azure environment contains multiple Azure virtual machines. You need to ensure that a virtual machine named VM1 is accessible from the Internet over HTTP. Solution. You modify a Network Security Group (NSG). Does this meet the goal?', 'SINGLE', 'MEDIUM', '2026-03-01 04:16:34', 1),
	(108, 1, 'Your Azure environment contains multiple Azure virtual machines. You need to ensure that a virtual machine named VM1 is accessible from the Internet over HTTP. Solution: You modify an Azure firewall. Does this meet the goal?', 'SINGLE', 'MEDIUM', '2026-03-01 04:16:34', 1),
	(109, 1, 'Your Azure environment contains multiple Azure virtual machines. You need to ensure that a virtual machine named VM1 is accessible from the Internet over HTTP. Solution: You modify an Azure Traffic Manager profile. Does this meet the goal?', 'SINGLE', 'MEDIUM', '2026-03-01 04:16:34', 1),
	(110, 1, 'Which two types of customers are eligible to use Azure Government to develop a cloud solution?', 'MULTIPLE', 'MEDIUM', '2026-03-01 04:16:34', 1);

-- Dumping structure for table quiz_db.question_attempt
DROP TABLE IF EXISTS `question_attempt`;
CREATE TABLE IF NOT EXISTS `question_attempt` (
  `question_attempt_id` bigint NOT NULL AUTO_INCREMENT,
  `attempt_id` bigint NOT NULL,
  `question_id` int NOT NULL,
  `is_correct` tinyint(1) NOT NULL,
  PRIMARY KEY (`question_attempt_id`),
  KEY `attempt_id` (`attempt_id`),
  KEY `question_id` (`question_id`),
  CONSTRAINT `question_attempt_ibfk_1` FOREIGN KEY (`attempt_id`) REFERENCES `quiz_attempt` (`attempt_id`),
  CONSTRAINT `question_attempt_ibfk_2` FOREIGN KEY (`question_id`) REFERENCES `question` (`question_id`)
) ENGINE=InnoDB AUTO_INCREMENT=3 DEFAULT CHARSET=utf8mb4 COLLATE=utf8mb4_0900_ai_ci;

-- Dumping data for table quiz_db.question_attempt: ~2 rows (approximately)
INSERT INTO `question_attempt` (`question_attempt_id`, `attempt_id`, `question_id`, `is_correct`) VALUES
	(1, 1, 50, 0),
	(2, 1, 47, 1);

-- Dumping structure for table quiz_db.question_attempt_option
DROP TABLE IF EXISTS `question_attempt_option`;
CREATE TABLE IF NOT EXISTS `question_attempt_option` (
  `id` bigint NOT NULL AUTO_INCREMENT,
  `question_attempt_id` bigint NOT NULL,
  `option_id` int NOT NULL,
  PRIMARY KEY (`id`),
  KEY `question_attempt_id` (`question_attempt_id`),
  KEY `option_id` (`option_id`),
  CONSTRAINT `question_attempt_option_ibfk_1` FOREIGN KEY (`question_attempt_id`) REFERENCES `question_attempt` (`question_attempt_id`),
  CONSTRAINT `question_attempt_option_ibfk_2` FOREIGN KEY (`option_id`) REFERENCES `option_master` (`option_id`)
) ENGINE=InnoDB AUTO_INCREMENT=3 DEFAULT CHARSET=utf8mb4 COLLATE=utf8mb4_0900_ai_ci;

-- Dumping data for table quiz_db.question_attempt_option: ~2 rows (approximately)
INSERT INTO `question_attempt_option` (`id`, `question_attempt_id`, `option_id`) VALUES
	(1, 1, 148),
	(2, 2, 142);

-- Dumping structure for table quiz_db.quiz_attempt
DROP TABLE IF EXISTS `quiz_attempt`;
CREATE TABLE IF NOT EXISTS `quiz_attempt` (
  `attempt_id` bigint NOT NULL AUTO_INCREMENT,
  `user_id` bigint NOT NULL,
  `topic_id` int NOT NULL,
  `total_questions` int NOT NULL,
  `correct_count` int NOT NULL,
  `score` int NOT NULL,
  `started_at` datetime NOT NULL,
  `submitted_at` datetime DEFAULT NULL,
  PRIMARY KEY (`attempt_id`),
  KEY `topic_id` (`topic_id`),
  CONSTRAINT `quiz_attempt_ibfk_1` FOREIGN KEY (`topic_id`) REFERENCES `topic` (`topic_id`)
) ENGINE=InnoDB AUTO_INCREMENT=2 DEFAULT CHARSET=utf8mb4 COLLATE=utf8mb4_0900_ai_ci;

-- Dumping data for table quiz_db.quiz_attempt: ~1 rows (approximately)
INSERT INTO `quiz_attempt` (`attempt_id`, `user_id`, `topic_id`, `total_questions`, `correct_count`, `score`, `started_at`, `submitted_at`) VALUES
	(1, 2, 1, 2, 1, 1, '2026-01-26 14:23:16', '2026-01-26 14:23:16');

-- Dumping structure for table quiz_db.topic
DROP TABLE IF EXISTS `topic`;
CREATE TABLE IF NOT EXISTS `topic` (
  `topic_id` int NOT NULL AUTO_INCREMENT,
  `topic_name` varchar(100) CHARACTER SET utf8mb4 COLLATE utf8mb4_general_ci NOT NULL,
  `description` varchar(255) CHARACTER SET utf8mb4 COLLATE utf8mb4_general_ci DEFAULT NULL,
  `created_at` timestamp NULL DEFAULT CURRENT_TIMESTAMP,
  `is_active` tinyint(1) DEFAULT '1',
  PRIMARY KEY (`topic_id`),
  UNIQUE KEY `topic_name` (`topic_name`)
) ENGINE=InnoDB AUTO_INCREMENT=5 DEFAULT CHARSET=utf8mb4 COLLATE=utf8mb4_general_ci;

-- Dumping data for table quiz_db.topic: ~4 rows (approximately)
INSERT INTO `topic` (`topic_id`, `topic_name`, `description`, `created_at`, `is_active`) VALUES
	(1, 'azure az900', 'azure fundamentals', '2026-01-25 17:43:44', 1),
	(2, 'spring framework', 'spring framework & spring boot', '2026-01-26 17:04:52', 1),
	(3, 'Mysql', 'Relational database & Mysql', '2026-01-26 17:05:26', 1),
	(4, 'Angular', 'Frontend framewor Angular', '2026-01-26 17:06:25', 1);

/*!40103 SET TIME_ZONE=IFNULL(@OLD_TIME_ZONE, 'system') */;
/*!40101 SET SQL_MODE=IFNULL(@OLD_SQL_MODE, '') */;
/*!40014 SET FOREIGN_KEY_CHECKS=IFNULL(@OLD_FOREIGN_KEY_CHECKS, 1) */;
/*!40101 SET CHARACTER_SET_CLIENT=@OLD_CHARACTER_SET_CLIENT */;
/*!40111 SET SQL_NOTES=IFNULL(@OLD_SQL_NOTES, 1) */;
