-- --------------------------------------------------------
-- Host:                         127.0.0.1
-- Server version:               8.0.44 - MySQL Community Server - GPL
-- Server OS:                    Win64
-- HeidiSQL Version:             12.13.0.7147
-- --------------------------------------------------------

/*!40101 SET @OLD_CHARACTER_SET_CLIENT=@@CHARACTER_SET_CLIENT */;
/*!40101 SET NAMES utf8 */;
/*!50503 SET NAMES utf8mb4 */;
/*!40103 SET @OLD_TIME_ZONE=@@TIME_ZONE */;
/*!40103 SET TIME_ZONE='+00:00' */;
/*!40014 SET @OLD_FOREIGN_KEY_CHECKS=@@FOREIGN_KEY_CHECKS, FOREIGN_KEY_CHECKS=0 */;
/*!40101 SET @OLD_SQL_MODE=@@SQL_MODE, SQL_MODE='NO_AUTO_VALUE_ON_ZERO' */;
/*!40111 SET @OLD_SQL_NOTES=@@SQL_NOTES, SQL_NOTES=0 */;


-- Dumping database structure for quiz_db
DROP DATABASE IF EXISTS `quiz_db`;
CREATE DATABASE IF NOT EXISTS `quiz_db` /*!40100 DEFAULT CHARACTER SET utf8mb4 COLLATE utf8mb4_general_ci */ /*!80016 DEFAULT ENCRYPTION='N' */;
USE `quiz_db`;

-- Dumping structure for table quiz_db.answer
DROP TABLE IF EXISTS `answer`;
CREATE TABLE IF NOT EXISTS `answer` (
  `answer_id` int NOT NULL AUTO_INCREMENT,
  `question_id` int NOT NULL,
  `option_id` int NOT NULL,
  `created_at` timestamp NULL DEFAULT CURRENT_TIMESTAMP,
  PRIMARY KEY (`answer_id`),
  UNIQUE KEY `question_id` (`question_id`,`option_id`),
  KEY `option_id` (`option_id`),
  KEY `idx_answer_question` (`question_id`),
  CONSTRAINT `answer_ibfk_1` FOREIGN KEY (`question_id`) REFERENCES `question` (`question_id`),
  CONSTRAINT `answer_ibfk_2` FOREIGN KEY (`option_id`) REFERENCES `option_master` (`option_id`)
) ENGINE=InnoDB AUTO_INCREMENT=66 DEFAULT CHARSET=utf8mb4 COLLATE=utf8mb4_general_ci;

-- Dumping data for table quiz_db.answer: ~0 rows (approximately)
INSERT INTO `answer` (`answer_id`, `question_id`, `option_id`, `created_at`) VALUES
	(1, 1, 1, '2026-01-25 17:45:47'),
	(2, 2, 4, '2026-01-25 17:54:44'),
	(3, 3, 7, '2026-01-25 18:01:35'),
	(4, 4, 9, '2026-01-25 18:12:05'),
	(7, 5, 16, '2026-01-25 18:18:20'),
	(8, 6, 18, '2026-01-25 18:23:34'),
	(9, 7, 24, '2026-01-25 18:28:00'),
	(10, 8, 28, '2026-01-25 18:32:21'),
	(11, 9, 32, '2026-01-25 18:36:55'),
	(12, 10, 34, '2026-01-25 18:41:39'),
	(13, 11, 36, '2026-01-25 18:47:53'),
	(14, 12, 37, '2026-01-25 18:48:15'),
	(15, 12, 38, '2026-01-25 18:48:15'),
	(16, 13, 42, '2026-01-25 18:48:42'),
	(17, 14, 44, '2026-01-25 18:48:57'),
	(18, 15, 45, '2026-01-25 18:49:05'),
	(19, 16, 50, '2026-01-25 18:49:14'),
	(20, 17, 51, '2026-01-25 18:49:22'),
	(21, 18, 53, '2026-01-25 18:49:29'),
	(22, 19, 56, '2026-01-25 18:49:52'),
	(23, 20, 60, '2026-01-25 18:50:02'),
	(24, 21, 64, '2026-01-25 18:53:10'),
	(25, 22, 68, '2026-01-25 18:53:24'),
	(26, 23, 70, '2026-01-25 18:53:33'),
	(27, 24, 72, '2026-01-25 18:53:41'),
	(28, 25, 74, '2026-01-25 18:53:50'),
	(29, 26, 79, '2026-01-25 18:54:01'),
	(30, 27, 83, '2026-01-25 18:54:15'),
	(31, 28, 84, '2026-01-25 18:54:29'),
	(32, 29, 89, '2026-01-25 18:54:41'),
	(33, 30, 94, '2026-01-25 18:54:52'),
	(34, 31, 97, '2026-01-25 18:58:51'),
	(35, 32, 101, '2026-01-25 18:59:06'),
	(36, 33, 105, '2026-01-25 18:59:17'),
	(37, 34, 107, '2026-01-25 18:59:26'),
	(38, 35, 108, '2026-01-25 18:59:35'),
	(39, 36, 113, '2026-01-25 18:59:43'),
	(40, 37, 114, '2026-01-25 18:59:53'),
	(41, 38, 116, '2026-01-25 19:00:04'),
	(42, 39, 118, '2026-01-25 19:00:13'),
	(43, 40, 120, '2026-01-25 19:02:01'),
	(44, 40, 121, '2026-01-25 19:02:01'),
	(45, 40, 122, '2026-01-25 19:02:01'),
	(46, 41, 124, '2026-01-25 19:05:48'),
	(47, 42, 127, '2026-01-25 19:05:57'),
	(48, 43, 133, '2026-01-25 19:06:53'),
	(49, 44, 136, '2026-01-25 19:07:26'),
	(50, 45, 137, '2026-01-25 19:07:45'),
	(51, 46, 139, '2026-01-25 19:08:00'),
	(52, 47, 142, '2026-01-25 19:08:14'),
	(53, 48, 144, '2026-01-25 19:08:31'),
	(54, 49, 145, '2026-01-25 19:09:37'),
	(55, 50, 147, '2026-01-25 19:09:55'),
	(56, 51, 149, '2026-01-25 19:12:09'),
	(57, 52, 152, '2026-01-25 19:13:16'),
	(58, 53, 154, '2026-01-25 19:13:29'),
	(59, 54, 155, '2026-01-25 19:13:40'),
	(60, 55, 158, '2026-01-25 19:13:55'),
	(61, 56, 159, '2026-01-25 19:14:09'),
	(62, 57, 162, '2026-01-25 19:14:23'),
	(63, 58, 164, '2026-01-25 19:14:40'),
	(64, 59, 165, '2026-01-25 19:14:55'),
	(65, 60, 167, '2026-01-25 19:15:35');

-- Dumping structure for table quiz_db.explanation
DROP TABLE IF EXISTS `explanation`;
CREATE TABLE IF NOT EXISTS `explanation` (
  `explanation_id` int NOT NULL AUTO_INCREMENT,
  `question_id` int NOT NULL,
  `explanation_text` text COLLATE utf8mb4_general_ci NOT NULL,
  `created_at` timestamp NULL DEFAULT CURRENT_TIMESTAMP,
  `is_active` int DEFAULT '1',
  PRIMARY KEY (`explanation_id`),
  UNIQUE KEY `question_id` (`question_id`),
  CONSTRAINT `explanation_ibfk_1` FOREIGN KEY (`question_id`) REFERENCES `question` (`question_id`)
) ENGINE=InnoDB AUTO_INCREMENT=63 DEFAULT CHARSET=utf8mb4 COLLATE=utf8mb4_general_ci;

-- Dumping data for table quiz_db.explanation: ~0 rows (approximately)
INSERT INTO `explanation` (`explanation_id`, `question_id`, `explanation_text`, `created_at`, `is_active`) VALUES
	(1, 1, 'Correct Answer is YES. \n\nExplanation:\nAzure Web Apps (Azure App Service) is a Platform as a Service (PaaS) offering.\nOne of the built-in features of App Service is automatic scaling:\n	Scale out/in (number of instances)\n	Scale up/down (pricing tier)\nScaling can be based on:\n	CPU usage\n	Memory\n	HTTP queue length\n	Schedules\nSo the platform does have the ability to scale automatically.', '2026-01-25 17:48:46', 1),
	(2, 2, 'Correct answer: No\r\n \r\nExplanation\r\nEven if both virtual machines are the same size (D2s_v3), they will not always generate the same monthly cost because Azure \r\nVM costs depend on usage and configuration, such as:\r\n	Running time (24×7 vs stopped/deallocated)\r\n	OS type (Windows costs more than Linux due to licensing)\r\n	Region (prices vary by region)\r\n	Attached resources (disks, public IPs, backups)\r\n	Billing model (pay-as-you-go vs Reserved Instances)\r\nSo two identical VM sizes can still result in different monthly bills', '2026-01-25 17:55:06', 1),
	(3, 3, 'Correct answer: Azure AI Bot \r\nExplanation \r\nUsed to build chatbots and digital assistants \r\nSupports: \r\n	Text-based conversations\r\n	Speech-to-text and text-to-speech (via Azure Cognitive Services)\r\nCan be integrated with: \r\n	Websites\r\n	Mobile apps\r\n	Microsoft Teams\r\n	Voice channels', '2026-01-25 18:03:31', 1),
	(4, 4, 'Correct answer: Azure Machine Learning', '2026-01-25 18:13:59', 1),
	(5, 5, 'Correct answer: Azure Functions', '2026-01-25 18:21:14', 1),
	(6, 6, 'Correct answer: Azure IoT Hub', '2026-01-25 18:25:07', 1),
	(7, 7, 'Correct answer: Azure Resource Manager (ARM) Templates', '2026-01-25 18:30:07', 1),
	(8, 8, 'correct answer:  Two virtual machines and Two availability zones', '2026-01-25 18:34:33', 1),
	(9, 9, 'Explanation\r\nThe requirement is:\r\n	Correlate events from multiple resources\r\n	Store them in a central repository for analysis\r\nAzure Log Analytics is part of Azure Monitor and provides:\r\n	Centralized collection of logs and metrics from VMs, storage, networking, and other resources\r\n	Powerful querying and correlation of events\r\n	Basis for dashboards, alerts, and insights', '2026-01-25 18:38:13', 1),
	(12, 10, 'Implementing a DDoS protection plan protects against distributed denial-of-service attacks, but it does not automatically ensure that the application is accessible over HTTPS. You also need to configure a public endpoint and HTTPS listener on the VM or use Azure Application Gateway.', '2026-01-25 18:42:01', 1),
	(13, 11, 'Azure Traffic Manager is a DNS-based load balancer that distributes traffic across multiple endpoints. It does not directly make the application accessible over HTTPS on a single VM. You need a public endpoint and HTTPS listener to satisfy the requirement.', '2026-01-25 18:47:53', 1),
	(14, 12, 'Azure Government is a cloud environment dedicated to US government entities and contractors. Entities outside the US are not eligible.', '2026-01-25 18:48:15', 1),
	(15, 13, 'Azure MFA can be implemented using the cloud-only solution in Azure Active Directory without deploying a federated solution.', '2026-01-25 18:48:42', 1),
	(16, 14, 'Azure MFA methods include phone call, text message, and mobile app notification or verification code. Picture identification and passport number are not valid MFA methods.', '2026-01-25 18:48:57', 1),
	(17, 15, 'The Basic support plan gives access to billing, subscription, and service health information at no additional cost.', '2026-01-25 18:49:05', 1),
	(18, 16, 'In Azure Web Apps (PaaS), Microsoft manages the underlying operating system. You do not have full control over it.', '2026-01-25 18:49:14', 1),
	(19, 17, 'Stopping a VM does not remove the storage; you will continue to pay for the underlying storage.', '2026-01-25 18:49:22', 1),
	(20, 18, 'Azure allows flexibility between CapEx and OpEx through options like reserved instances, pay-as-you-go pricing, and hybrid use benefits.', '2026-01-25 18:49:29', 1),
	(21, 19, 'In SaaS, the cloud provider manages installation, scalability, and high availability. The user is responsible for configuring the application for their needs.', '2026-01-25 18:49:52', 1),
	(22, 20, 'Fault tolerance ensures that systems remain available even if a data center or component fails, which meets the business continuity requirement.', '2026-01-25 18:50:02', 1),
	(23, 21, 'A company can decommission its data center if the infrastructure is fully hosted in the public cloud, eliminating the need for on-premises resources.', '2026-01-25 18:53:10', 1),
	(24, 22, 'Hosting a website on Azure incurs monthly hosting costs. A VPN or per-connection charges are not required for a public web site.', '2026-01-25 18:53:24', 1),
	(25, 23, 'Azure PowerShell and CLI tools are cross-platform. Scripts can run on Linux if the Azure CLI or PowerShell Core is installed.', '2026-01-25 18:53:33', 1),
	(26, 24, 'Azure Cloud Shell runs in the browser and supports PowerShell scripts, regardless of the underlying OS.', '2026-01-25 18:53:41', 1),
	(27, 25, 'PowerShell Core is cross-platform. Scripts can run on macOS as long as PowerShell Core is installed.', '2026-01-25 18:53:50', 1),
	(28, 26, 'Planned maintenance events are listed in the Help + Support blade in the Azure portal.', '2026-01-25 18:54:01', 1),
	(29, 27, 'Azure DevOps provides an integrated CI/CD solution for deploying code to Azure.', '2026-01-25 18:54:15', 1),
	(30, 28, 'Azure Advisor analyzes your Azure environment and provides personalized recommendations to optimize cost, security, reliability, and performance.', '2026-01-25 18:54:29', 1),
	(31, 29, 'Azure Cognitive Services provides AI capabilities to build intelligent applications without needing to train models from scratch.', '2026-01-25 18:54:41', 1),
	(32, 30, 'Azure Application Insights is an Application Performance Management (APM) service that monitors live web applications and provides actionable telemetry.', '2026-01-25 18:54:52', 1),
	(33, 31, 'Azure File Storage allows SMB protocol access and mapped drives from Windows computers, making it ideal for file sharing.', '2026-01-25 18:58:51', 1),
	(34, 32, 'Azure Cosmos DB supports globally distributed, multi-region writes and can store JSON documents natively.', '2026-01-25 18:59:06', 1),
	(35, 33, 'Resource groups are logical containers. Resources inside can be deployed in different regions; they are not restricted to the resource group region.', '2026-01-25 18:59:17', 1),
	(36, 34, 'Tags assigned to a resource group are not inherited automatically by resources inside the group; tags must be applied individually or via policies.', '2026-01-25 18:59:26', 1),
	(37, 35, 'IAM permissions assigned at the resource group level are inherited by resources within that group.', '2026-01-25 18:59:35', 1),
	(38, 36, 'Azure Machine Learning Studio allows building, testing, and deploying predictive analytics and AI solutions.', '2026-01-25 18:59:43', 1),
	(39, 37, 'Azure Advisor provides recommendations across cost, security, reliability, performance, including VM network configuration.', '2026-01-25 18:59:53', 1),
	(40, 38, 'Azure Advisor analyzes resources and provides recommendations to reduce costs, including optimizing VM usage.', '2026-01-25 19:00:04', 1),
	(41, 39, 'Azure Advisor provides security recommendations for Microsoft Entra ID to improve identity security and compliance.', '2026-01-25 19:00:13', 1),
	(42, 40, 'Azure CLI runs natively on Ubuntu, Azure PowerShell runs if PowerShell Core is installed, and the Azure Portal runs in any browser, including Ubuntu.', '2026-01-25 19:02:01', 1),
	(43, 41, 'Microsoft Entra ID Protection provides risk-based conditional access and can require password change when sign-in occurs from anonymous or risky IP addresses.', '2026-01-25 19:05:48', 1),
	(44, 42, 'Network Security Groups (NSGs) are used to control inbound and outbound traffic to Azure resources at the network interface or subnet level.', '2026-01-25 19:05:57', 1),
	(45, 43, 'Azure Policies allow organizations to enforce and manage compliance of resources across multiple subscriptions, ensuring resources meet governance requirements.', '2026-01-25 19:06:53', 1),
	(46, 44, 'The Basic Support plan does not provide 24/7 access to support engineers by phone or email; it only provides access to billing and subscription support.', '2026-01-25 19:07:26', 1),
	(47, 45, 'The Standard Support plan provides 24/7 access to support engineers via phone and email, satisfying the requirement.', '2026-01-25 19:07:45', 1),
	(48, 46, 'Most Azure services are initially released in private preview for selected customers before being made generally available or in public preview.', '2026-01-25 19:08:00', 1),
	(49, 47, 'Azure services in public preview can be managed via the portal, CLI, or SDKs; CLI is not the only option.', '2026-01-25 19:08:14', 1),
	(50, 48, 'Private preview is limited to select customers; it is not available to all Azure customers.', '2026-01-25 19:08:31', 1),
	(51, 49, 'Public preview services are made available to all Azure customers for testing and early use, though they may not yet be generally available.', '2026-01-25 19:09:37', 1),
	(52, 50, 'Generally available Azure services are released to all customers for production use.', '2026-01-25 19:09:55', 1),
	(53, 51, 'A single Microsoft Account (MSA) or Microsoft Entra ID user can manage multiple subscriptions, including subscriptions across different tenants with proper permissions.', '2026-01-25 19:12:09', 1),
	(54, 52, 'Azure subscriptions cannot be merged. You can move resources between subscriptions or group subscriptions under the same Management Group, but merging is not supported.', '2026-01-25 19:13:16', 1),
	(55, 53, 'Azure SLAs are service-specific and depend on configuration. Not all paid services have a blanket 99.9% SLA.', '2026-01-25 19:13:29', 1),
	(56, 54, 'Deploying resources across multiple regions improves availability, resiliency, and fault tolerance, often increasing effective SLA.', '2026-01-25 19:13:40', 1),
	(57, 55, 'SLA is tied to service and deployment architecture; purchasing multiple subscriptions does not increase SLA.', '2026-01-25 19:13:55', 1),
	(58, 56, 'Azure allows moving resources, including VMs, between subscriptions within the same tenant if supported by the resource type.', '2026-01-25 19:14:09', 1),
	(59, 57, 'Microsoft Entra ID users and groups do not incur costs. Only billable resources, like Public IPs, generate charges.', '2026-01-25 19:14:23', 1),
	(60, 58, 'Microsoft Entra ID user groups do not generate cost; removing them does not reduce Azure bills.', '2026-01-25 19:14:40', 1),
	(61, 59, 'Public IP addresses are billable resources. Removing unused public IPs will reduce Azure costs.', '2026-01-25 19:14:55', 1),
	(62, 60, 'Azure Portal is web-based and accessible from any device with a modern browser, including Android devices.', '2026-01-25 19:15:35', 1);

-- Dumping structure for table quiz_db.option_master
DROP TABLE IF EXISTS `option_master`;
CREATE TABLE IF NOT EXISTS `option_master` (
  `option_id` int NOT NULL AUTO_INCREMENT,
  `question_id` int NOT NULL,
  `option_text` varchar(255) COLLATE utf8mb4_general_ci NOT NULL,
  `option_order` int NOT NULL,
  `created_at` timestamp NULL DEFAULT CURRENT_TIMESTAMP,
  `is_active` tinyint(1) DEFAULT '1',
  PRIMARY KEY (`option_id`),
  KEY `idx_option_question` (`question_id`,`is_active`),
  CONSTRAINT `option_master_ibfk_1` FOREIGN KEY (`question_id`) REFERENCES `question` (`question_id`)
) ENGINE=InnoDB AUTO_INCREMENT=169 DEFAULT CHARSET=utf8mb4 COLLATE=utf8mb4_general_ci;

-- Dumping data for table quiz_db.option_master: ~0 rows (approximately)
INSERT INTO `option_master` (`option_id`, `question_id`, `option_text`, `option_order`, `created_at`, `is_active`) VALUES
	(1, 1, 'YES', 1, '2026-01-25 17:45:05', 1),
	(2, 1, 'NO', 2, '2026-01-25 17:45:17', 1),
	(3, 2, 'YES', 1, '2026-01-25 17:53:54', 1),
	(4, 2, 'NO', 2, '2026-01-25 17:54:09', 1),
	(5, 3, 'Azure Machine Learning.', 1, '2026-01-25 18:00:21', 1),
	(6, 3, 'Azure loT Hub.', 2, '2026-01-25 18:00:38', 1),
	(7, 3, 'Azure Al bot.', 3, '2026-01-25 18:00:56', 1),
	(8, 3, 'Azure Functions.', 4, '2026-01-25 18:01:12', 1),
	(9, 4, 'Azure Machine Learning', 1, '2026-01-25 18:11:54', 1),
	(10, 4, 'Azure IoT Hub', 2, '2026-01-25 18:11:54', 1),
	(11, 4, 'Azure AI Bot', 3, '2026-01-25 18:11:54', 1),
	(12, 4, 'Azure Functions', 4, '2026-01-25 18:11:54', 1),
	(13, 5, 'Azure Machine Learning', 1, '2026-01-25 18:17:13', 1),
	(14, 5, 'Azure IoT Hub', 2, '2026-01-25 18:17:13', 1),
	(15, 5, 'Azure AI Bot', 3, '2026-01-25 18:17:13', 1),
	(16, 5, 'Azure Functions', 4, '2026-01-25 18:17:13', 1),
	(17, 6, 'Azure Machine Learning', 1, '2026-01-25 18:23:27', 1),
	(18, 6, 'Azure IoT Hub', 2, '2026-01-25 18:23:27', 1),
	(19, 6, 'Azure AI Bot', 3, '2026-01-25 18:23:27', 1),
	(20, 6, 'Azure Functions', 4, '2026-01-25 18:23:27', 1),
	(21, 7, 'Virtual Machine scale sets', 1, '2026-01-25 18:27:49', 1),
	(22, 7, 'Management Groups', 2, '2026-01-25 18:27:49', 1),
	(23, 7, 'Microsoft Entra ID', 3, '2026-01-25 18:27:49', 1),
	(24, 7, 'Azure Resource Manager Templates', 4, '2026-01-25 18:27:49', 1),
	(25, 8, 'One virtual machine and One availability zone', 1, '2026-01-25 18:32:12', 1),
	(26, 8, 'Two virtual machines and availability zone', 2, '2026-01-25 18:32:12', 1),
	(27, 8, 'One virtual machine and Two availability zones', 3, '2026-01-25 18:32:12', 1),
	(28, 8, 'Two virtual machines and Two availability zones', 4, '2026-01-25 18:32:12', 1),
	(29, 9, 'Azure Event Hubs', 1, '2026-01-25 18:36:45', 1),
	(30, 9, 'Microsoft Defender for Cloud', 2, '2026-01-25 18:36:45', 1),
	(31, 9, 'Microsoft Entra ID', 3, '2026-01-25 18:36:45', 1),
	(32, 9, 'Azure Log Analytics', 4, '2026-01-25 18:36:45', 1),
	(33, 10, 'Yes', 1, '2026-01-25 18:41:30', 1),
	(34, 10, 'No', 2, '2026-01-25 18:41:30', 1),
	(35, 11, 'Yes', 1, '2026-01-25 18:47:53', 1),
	(36, 11, 'No', 2, '2026-01-25 18:47:53', 1),
	(37, 12, 'United States government Entity', 1, '2026-01-25 18:48:15', 1),
	(38, 12, 'A United States government contractor', 2, '2026-01-25 18:48:15', 1),
	(39, 12, 'A European government Entity', 3, '2026-01-25 18:48:15', 1),
	(40, 12, 'A European government contractor', 4, '2026-01-25 18:48:15', 1),
	(41, 13, 'Yes', 1, '2026-01-25 18:48:42', 1),
	(42, 13, 'No', 2, '2026-01-25 18:48:42', 1),
	(43, 14, 'Yes', 1, '2026-01-25 18:48:57', 1),
	(44, 14, 'No', 2, '2026-01-25 18:48:57', 1),
	(45, 15, 'Basic', 1, '2026-01-25 18:49:05', 1),
	(46, 15, 'Standard', 2, '2026-01-25 18:49:05', 1),
	(47, 15, 'Premier', 3, '2026-01-25 18:49:05', 1),
	(48, 15, 'Developer', 4, '2026-01-25 18:49:05', 1),
	(49, 16, 'Yes', 1, '2026-01-25 18:49:14', 1),
	(50, 16, 'No', 2, '2026-01-25 18:49:14', 1),
	(51, 17, 'Yes', 1, '2026-01-25 18:49:22', 1),
	(52, 17, 'No', 2, '2026-01-25 18:49:22', 1),
	(53, 18, 'Yes', 1, '2026-01-25 18:49:29', 1),
	(54, 18, 'No', 2, '2026-01-25 18:49:29', 1),
	(55, 19, 'High availability of the solution', 1, '2026-01-25 18:49:52', 1),
	(56, 19, 'Configuration of the solution', 2, '2026-01-25 18:49:52', 1),
	(57, 19, 'Installing the solution', 3, '2026-01-25 18:49:52', 1),
	(58, 19, 'Scalability of the solution', 4, '2026-01-25 18:49:52', 1),
	(59, 20, 'Scalability', 1, '2026-01-25 18:50:02', 1),
	(60, 20, 'Fault Tolerance', 2, '2026-01-25 18:50:02', 1),
	(61, 20, 'Low Latency', 3, '2026-01-25 18:50:02', 1),
	(62, 20, 'Elasticity', 4, '2026-01-25 18:50:02', 1),
	(63, 21, 'If they have their infrastructure hosted in a private cloud', 1, '2026-01-25 18:53:10', 1),
	(64, 21, 'If they have their infrastructure hosted in the public cloud', 2, '2026-01-25 18:53:10', 1),
	(65, 21, 'If they have their infrastructure hosted in a hybrid cloud', 3, '2026-01-25 18:53:10', 1),
	(66, 22, 'They would need to deploy a VPN', 1, '2026-01-25 18:53:24', 1),
	(67, 22, 'They would need to pay for the cost to transfer the web site to Azure', 2, '2026-01-25 18:53:24', 1),
	(68, 22, 'They would need to pay for the monthly costs incurred for hosting the web site', 3, '2026-01-25 18:53:24', 1),
	(69, 22, 'They would need to pay for the number of connections to the web site', 4, '2026-01-25 18:53:24', 1),
	(70, 23, 'Yes', 1, '2026-01-25 18:53:33', 1),
	(71, 23, 'No', 2, '2026-01-25 18:53:33', 1),
	(72, 24, 'Yes', 1, '2026-01-25 18:53:41', 1),
	(73, 24, 'No', 2, '2026-01-25 18:53:41', 1),
	(74, 25, 'Yes', 1, '2026-01-25 18:53:50', 1),
	(75, 25, 'No', 2, '2026-01-25 18:53:50', 1),
	(76, 26, 'Resource Groups', 1, '2026-01-25 18:54:01', 1),
	(77, 26, 'Microsoft Entra ID', 2, '2026-01-25 18:54:01', 1),
	(78, 26, 'Azure Advisor', 3, '2026-01-25 18:54:01', 1),
	(79, 26, 'Help + Support', 4, '2026-01-25 18:54:01', 1),
	(80, 27, 'Azure Advisor', 1, '2026-01-25 18:54:15', 1),
	(81, 27, 'Azure Cognitive Services', 2, '2026-01-25 18:54:15', 1),
	(82, 27, 'Azure Application Insights', 3, '2026-01-25 18:54:15', 1),
	(83, 27, 'Azure DevOps', 4, '2026-01-25 18:54:15', 1),
	(84, 28, 'Azure Advisor', 1, '2026-01-25 18:54:29', 1),
	(85, 28, 'Azure Cognitive Services', 2, '2026-01-25 18:54:29', 1),
	(86, 28, 'Azure Application Insights', 3, '2026-01-25 18:54:29', 1),
	(87, 28, 'Azure DevOps', 4, '2026-01-25 18:54:29', 1),
	(88, 29, 'Azure Advisor', 1, '2026-01-25 18:54:41', 1),
	(89, 29, 'Azure Cognitive Services', 2, '2026-01-25 18:54:41', 1),
	(90, 29, 'Azure Application Insights', 3, '2026-01-25 18:54:41', 1),
	(91, 29, 'Azure DevOps', 4, '2026-01-25 18:54:41', 1),
	(92, 30, 'Azure Advisor', 1, '2026-01-25 18:54:52', 1),
	(93, 30, 'Azure Cognitive Services', 2, '2026-01-25 18:54:52', 1),
	(94, 30, 'Azure Application Insights', 3, '2026-01-25 18:54:52', 1),
	(95, 30, 'Azure DevOps', 4, '2026-01-25 18:54:52', 1),
	(96, 31, 'Using the Azure storage - BLOB service', 1, '2026-01-25 18:58:51', 1),
	(97, 31, 'Using the Azure storage - File service', 2, '2026-01-25 18:58:51', 1),
	(98, 31, 'Using the Azure storage - Queue service', 3, '2026-01-25 18:58:51', 1),
	(99, 31, 'Using the Azure storage - Table service', 4, '2026-01-25 18:58:51', 1),
	(100, 32, 'Azure SQL Database', 1, '2026-01-25 18:59:06', 1),
	(101, 32, 'Azure Cosmos DB', 2, '2026-01-25 18:59:06', 1),
	(102, 32, 'Azure Redis Cache', 3, '2026-01-25 18:59:06', 1),
	(103, 32, 'Azure Synapse Analytics', 4, '2026-01-25 18:59:06', 1),
	(104, 33, 'Yes', 1, '2026-01-25 18:59:17', 1),
	(105, 33, 'No', 2, '2026-01-25 18:59:17', 1),
	(106, 34, 'Yes', 1, '2026-01-25 18:59:26', 1),
	(107, 34, 'No', 2, '2026-01-25 18:59:26', 1),
	(108, 35, 'Yes', 1, '2026-01-25 18:59:35', 1),
	(109, 35, 'No', 2, '2026-01-25 18:59:35', 1),
	(110, 36, 'Azure Functions', 1, '2026-01-25 18:59:43', 1),
	(111, 36, 'Azure Logic Apps', 2, '2026-01-25 18:59:43', 1),
	(112, 36, 'Azure Batch', 3, '2026-01-25 18:59:43', 1),
	(113, 36, 'Azure Machine Learning Studio', 4, '2026-01-25 18:59:43', 1),
	(114, 37, 'Yes', 1, '2026-01-25 18:59:53', 1),
	(115, 37, 'No', 2, '2026-01-25 18:59:53', 1),
	(116, 38, 'Yes', 1, '2026-01-25 19:00:04', 1),
	(117, 38, 'No', 2, '2026-01-25 19:00:04', 1),
	(118, 39, 'Yes', 1, '2026-01-25 19:00:13', 1),
	(119, 39, 'No', 2, '2026-01-25 19:00:13', 1),
	(120, 40, 'Azure CLI', 1, '2026-01-25 19:02:01', 1),
	(121, 40, 'Azure PowerShell', 2, '2026-01-25 19:02:01', 1),
	(122, 40, 'The Azure Portal', 3, '2026-01-25 19:02:01', 1),
	(123, 41, 'Microsoft Entra Connect', 1, '2026-01-25 19:05:48', 1),
	(124, 41, 'Microsoft Entra ID Protection', 2, '2026-01-25 19:05:48', 1),
	(125, 41, 'Microsoft Entra Privileged Identity Management', 3, '2026-01-25 19:05:48', 1),
	(126, 41, 'Microsoft Defender for Identity', 4, '2026-01-25 19:05:48', 1),
	(127, 42, 'Network Security Groups', 1, '2026-01-25 19:05:57', 1),
	(128, 42, 'Microsoft Entra ID Protection', 2, '2026-01-25 19:05:57', 1),
	(129, 42, 'Azure VPN', 3, '2026-01-25 19:05:57', 1),
	(130, 42, 'Azure Route tables', 4, '2026-01-25 19:05:57', 1),
	(131, 43, 'Resource Groups', 1, '2026-01-25 19:06:53', 1),
	(132, 43, 'Management Groups', 2, '2026-01-25 19:06:53', 1),
	(133, 43, 'Azure Policies', 3, '2026-01-25 19:06:53', 1),
	(134, 43, 'Azure Resource Manager templates', 4, '2026-01-25 19:06:53', 1),
	(135, 44, 'Yes', 1, '2026-01-25 19:07:26', 1),
	(136, 44, 'No', 2, '2026-01-25 19:07:26', 1),
	(137, 45, 'Yes', 1, '2026-01-25 19:07:45', 1),
	(138, 45, 'No', 2, '2026-01-25 19:07:45', 1),
	(139, 46, 'Yes', 1, '2026-01-25 19:08:00', 1),
	(140, 46, 'No', 2, '2026-01-25 19:08:00', 1),
	(141, 47, 'Yes', 1, '2026-01-25 19:08:14', 1),
	(142, 47, 'No', 2, '2026-01-25 19:08:14', 1),
	(143, 48, 'Yes', 1, '2026-01-25 19:08:31', 1),
	(144, 48, 'No', 2, '2026-01-25 19:08:31', 1),
	(145, 49, 'Yes', 1, '2026-01-25 19:09:37', 1),
	(146, 49, 'No', 2, '2026-01-25 19:09:37', 1),
	(147, 50, 'Yes', 1, '2026-01-25 19:09:55', 1),
	(148, 50, 'No', 2, '2026-01-25 19:09:55', 1),
	(149, 51, 'Yes', 1, '2026-01-25 19:12:09', 1),
	(150, 51, 'No', 2, '2026-01-25 19:12:09', 1),
	(151, 52, 'Yes', 1, '2026-01-25 19:13:16', 1),
	(152, 52, 'No', 2, '2026-01-25 19:13:16', 1),
	(153, 53, 'Yes', 1, '2026-01-25 19:13:29', 1),
	(154, 53, 'No', 2, '2026-01-25 19:13:29', 1),
	(155, 54, 'Yes', 1, '2026-01-25 19:13:40', 1),
	(156, 54, 'No', 2, '2026-01-25 19:13:40', 1),
	(157, 55, 'Yes', 1, '2026-01-25 19:13:55', 1),
	(158, 55, 'No', 2, '2026-01-25 19:13:55', 1),
	(159, 56, 'Yes', 1, '2026-01-25 19:14:09', 1),
	(160, 56, 'No', 2, '2026-01-25 19:14:09', 1),
	(161, 57, 'Yes', 1, '2026-01-25 19:14:23', 1),
	(162, 57, 'No', 2, '2026-01-25 19:14:23', 1),
	(163, 58, 'Yes', 1, '2026-01-25 19:14:40', 1),
	(164, 58, 'No', 2, '2026-01-25 19:14:40', 1),
	(165, 59, 'Yes', 1, '2026-01-25 19:14:55', 1),
	(166, 59, 'No', 2, '2026-01-25 19:14:55', 1),
	(167, 60, 'Yes', 1, '2026-01-25 19:15:35', 1),
	(168, 60, 'No', 2, '2026-01-25 19:15:35', 1);

-- Dumping structure for table quiz_db.question
DROP TABLE IF EXISTS `question`;
CREATE TABLE IF NOT EXISTS `question` (
  `question_id` int NOT NULL AUTO_INCREMENT,
  `topic_id` int NOT NULL,
  `question_text` text COLLATE utf8mb4_general_ci NOT NULL,
  `question_type` enum('SINGLE','MULTIPLE') COLLATE utf8mb4_general_ci NOT NULL,
  `difficulty` enum('EASY','MEDIUM','HARD') COLLATE utf8mb4_general_ci DEFAULT 'MEDIUM',
  `created_at` timestamp NULL DEFAULT CURRENT_TIMESTAMP,
  `is_active` tinyint(1) DEFAULT '1',
  PRIMARY KEY (`question_id`),
  KEY `idx_question_topic` (`topic_id`,`is_active`),
  CONSTRAINT `question_ibfk_1` FOREIGN KEY (`topic_id`) REFERENCES `topic` (`topic_id`)
) ENGINE=InnoDB AUTO_INCREMENT=61 DEFAULT CHARSET=utf8mb4 COLLATE=utf8mb4_general_ci;

-- Dumping data for table quiz_db.question: ~0 rows (approximately)
INSERT INTO `question` (`question_id`, `topic_id`, `question_text`, `question_type`, `difficulty`, `created_at`, `is_active`) VALUES
	(1, 1, 'If you plan to host a web application in the Azure platform as a service solution of Azure Web Apps, then the platform will have the ability to scale automatically?', 'SINGLE', 'MEDIUM', '2026-01-25 17:44:39', 1),
	(2, 1, 'You decide to create 2 Virtual machines. Each virtual machine is of the size D2s v3. Would these machines always generate the same monthly cost?', 'SINGLE', 'MEDIUM', '2026-01-25 17:53:06', 1),
	(3, 1, 'Your team needs to have a tool that provides a digital online assistant that can provide speech support. ', 'SINGLE', 'MEDIUM', '2026-01-25 17:59:44', 1),
	(4, 1, 'Your team needs to have a tool that can use past trainings to provide predictions of very high probability. Which of the following service can be used for this purpose?', 'SINGLE', 'MEDIUM', '2026-01-25 18:11:22', 1),
	(5, 1, 'Your team needs to have a tool that can provide serverless computing capabilities. Which of the following service can be used for this purpose?', 'SINGLE', 'MEDIUM', '2026-01-25 18:17:04', 1),
	(6, 1, 'Your team needs to have a tool that can be used to process data from millions of sensors. Which of the following service can be used for this purpose?', 'SINGLE', 'MEDIUM', '2026-01-25 18:23:18', 1),
	(7, 1, 'A company needs to deploy a set of resources to Azure. Below are the key requirements for the deployment: The need to be deployed across several departments. The resources that need to be deployed are all of the same type. You need to recommend a solution to automate the deployment of the Azure resources. Which of the following would you use for this requirement?', 'SINGLE', 'MEDIUM', '2026-01-25 18:27:35', 1),
	(8, 1, 'Your company needs to deploy an application to virtual machines hosted in Azure. The solution must ensure an SLA of 99.99%. What is the minimum number of virtual machines and availability zones that you need to recommend for the deployment?', 'SINGLE', 'MEDIUM', '2026-01-25 18:32:03', 1),
	(9, 1, 'Your team needs a tool that can be used to correlate events from multiple resources into a central repository. Which of the following can be used for this purpose?', 'SINGLE', 'MEDIUM', '2026-01-25 18:36:34', 1),
	(10, 1, 'A company is planning on hosting an application on an Azure Virtual Machine. It needs to be ensured that the application hosted on the virtual machine is accessible from the Internet over HTTPS. You decide to implement a DDoS protection plan. Would this satisfy the requirement?', 'SINGLE', 'MEDIUM', '2026-01-25 18:41:21', 1),
	(11, 1, 'A company is planning on hosting an application on an Azure Virtual Machine. It needs to be ensured that the application hosted on the virtual machine is accessible from the Internet over HTTPS. You decide to implement an Azure Traffic Manager profile. Would this satisfy the requirement?', 'SINGLE', 'MEDIUM', '2026-01-25 18:47:53', 1),
	(12, 1, 'Which of the following customers are eligible to use Azure Government to develop a cloud solution? Choose 2 answers from the options given below.', 'MULTIPLE', 'MEDIUM', '2026-01-25 18:48:15', 1),
	(13, 1, 'A team is currently planning on using Azure for hosting resources. They are going to create users which would have access to the Azure resources. They want to implement Multi-Factor authentication for the users. Is it required to deploy a federated solution to implement Multi-Factor authentication?', 'SINGLE', 'MEDIUM', '2026-01-25 18:48:42', 1),
	(14, 1, 'A team is currently planning on using Azure for hosting resources. They are going to create users which would have access to the Azure resources. They want to implement Multi-Factor authentication for the users. Are two valid methods for Azure Multi-Factor authentication picture identification and entering a passport number.', 'SINGLE', 'MEDIUM', '2026-01-25 18:48:57', 1),
	(15, 1, 'Which of the following support plan gives you access to best practice information, health status and notifications, and 24/7 access to billing information at the lowest possible cost.', 'SINGLE', 'MEDIUM', '2026-01-25 18:49:05', 1),
	(16, 1, 'If you plan to host a web application in the Azure platform as a service solution of Azure Web Apps, then you will have complete control over the underlying operating system.', 'SINGLE', 'MEDIUM', '2026-01-25 18:49:14', 1),
	(17, 1, 'You decide to create a virtual machine which is of the size D2s_v3. If you plan to stop the virtual machine, will you incur any costs for the storage associated with the virtual machine.', 'SINGLE', 'MEDIUM', '2026-01-25 18:49:22', 1),
	(18, 1, 'Your company is planning on using Azure for hosting Infrastructure level resources such as Azure Virtual Machines. When planning for the costing aspect for these resources, is there a flexibility offered when it comes to Capital and Operational Expenditure.', 'SINGLE', 'MEDIUM', '2026-01-25 18:49:29', 1),
	(19, 1, 'You are looking at using a Software as a Service in Azure. Which of the following would you be responsible for?', 'SINGLE', 'MEDIUM', '2026-01-25 18:49:52', 1),
	(20, 1, 'A company is planning on migrating all of their on-premises servers to Azure. Their business continuity department has advised that they need to ensure that servers hosted in Azure are available even if an Azure Data Center were to go down. Which of the following is a concept that would be involved in the design stage for this requirement.', 'SINGLE', 'MEDIUM', '2026-01-25 18:50:02', 1),
	(21, 1, 'Under which of the following circumstances could a company look at decommissioning its data center?', 'SINGLE', 'MEDIUM', '2026-01-25 18:53:10', 1),
	(22, 1, 'A company is planning on migrating a web site to Azure. This is a public web site that is used by users on the Internet. Which of the following must the company plan for if they are planning to migrate the web site to Azure?', 'SINGLE', 'MEDIUM', '2026-01-25 18:53:24', 1),
	(23, 1, 'An administrator needs to run a script written in PowerShell. This script is going to create a virtual machine in Azure. Would the script run on a computer that runs Linux and has the Azure CLI tools installed?', 'SINGLE', 'MEDIUM', '2026-01-25 18:53:33', 1),
	(24, 1, 'An administrator needs to run a script written in PowerShell. This script is going to create a virtual machine in Azure. Would you be able to run the script on a machine that has Chrome OS installed and uses Azure Cloud Shell?', 'SINGLE', 'MEDIUM', '2026-01-25 18:53:41', 1),
	(25, 1, 'An administrator needs to run a script written in PowerShell. This script is going to create a virtual machine in Azure. Would you be able to run the script on a machine that has macOS and PowerShell core installed?', 'SINGLE', 'MEDIUM', '2026-01-25 18:53:50', 1),
	(26, 1, 'An Administrator needs to view the list of planned maintenance events that could potentially affect the availability of the resources hosted in an Azure subscription. Which of the following blade in the Azure portal should the administrator consider for this requirement?', 'SINGLE', 'MEDIUM', '2026-01-25 18:54:01', 1),
	(27, 1, 'Your team needs to have an integrated solution in place that can be used for the deployment of code. Which of the following service can be used for this purpose?', 'SINGLE', 'MEDIUM', '2026-01-25 18:54:15', 1),
	(28, 1, 'Your team needs a tool that can provide guidance and recommendations that can be used to improve an Azure environment. Which of the following service can be used for this purpose?', 'SINGLE', 'MEDIUM', '2026-01-25 18:54:29', 1),
	(29, 1, 'Your team needs to use a tool that can be used to build intelligent Artificial Intelligence based applications. Which of the following service can be used for this purpose?', 'SINGLE', 'MEDIUM', '2026-01-25 18:54:41', 1),
	(30, 1, 'Your team needs to have a tool that can be used to monitor web applications deployed to Azure. Which of the following service can be used for this purpose?', 'SINGLE', 'MEDIUM', '2026-01-25 18:54:52', 1),
	(31, 1, 'A team currently has several computers in their on-premises environment that runs on Windows 10. They need to share files by enabling mapped drives from the computers. Which of the following would be an ideal storage solution for this requirement?', 'SINGLE', 'MEDIUM', '2026-01-25 18:58:51', 1),
	(32, 1, 'A company wants to have a data store hosted in Azure. Below are the key requirements for the data store: The data store must be able to store JSON documents. The data store must be able to handle data writes from multiple regions. Which of the following would be the ideal data store for this requirement?', 'SINGLE', 'MEDIUM', '2026-01-25 18:59:06', 1),
	(33, 1, 'A team is planning on deploying Azure Virtual Machines to a resource group named demogroup. The group has been created in the US Central region. Do the virtual machines deployed to the resource group also need to be deployed to the US Central region only?', 'SINGLE', 'MEDIUM', '2026-01-25 18:59:17', 1),
	(34, 1, 'A team is planning on assigning tags to a resource group. Would the tag be inherited by resources in the resource group?', 'SINGLE', 'MEDIUM', '2026-01-25 18:59:26', 1),
	(35, 1, 'A set of IAM permissions have been assigned to a resource group. Would the resources in the resource group automatically inherit the IAM permissions assigned to the resource group?', 'SINGLE', 'MEDIUM', '2026-01-25 18:59:35', 1),
	(36, 1, 'Which of the following service can be used to build, test and deploy a predictive analytics solution that could subsequently be used to deploy an Artificial Intelligence solution to Azure?', 'SINGLE', 'MEDIUM', '2026-01-25 18:59:43', 1),
	(37, 1, 'Your team is planning on using the Azure Advisor tool. Would the Azure Advisor tool give recommendations on how to configure network settings for Azure virtual machines?', 'SINGLE', 'MEDIUM', '2026-01-25 18:59:53', 1),
	(38, 1, 'Your team is planning on using the Azure Advisor tool. Would the Azure Advisor tool give recommendations on how to save costs when it comes to hosting virtual machines in Azure?', 'SINGLE', 'MEDIUM', '2026-01-25 19:00:04', 1),
	(39, 1, 'Your team is planning on using the Azure Advisor tool. Would the Azure Advisor tool give recommendations on how to improve the security for Microsoft Entra ID?', 'SINGLE', 'MEDIUM', '2026-01-25 19:00:13', 1),
	(40, 1, 'A support engineer currently has a computer that runs Ubuntu. Which of the following Azure Management tools could be run from this computer?', 'MULTIPLE', 'MEDIUM', '2026-01-25 19:02:01', 1),
	(41, 1, 'Your company has just setup an Azure account and Microsoft Entra ID. They need to ensure that when users connect to Microsoft Entra ID from the Internet from an Anonymous IP address, they are prompted to change their password automatically. Which of the following Azure service can help them achieve this requirement?', 'SINGLE', 'MEDIUM', '2026-01-25 19:05:48', 1),
	(42, 1, 'A company is planning to create several virtual machines that will be used to host web and database servers. You need to limit the type of connections from the web and database servers. Which of the following can be used to fulfil this requirement?', 'SINGLE', 'MEDIUM', '2026-01-25 19:05:57', 1),
	(43, 1, 'Which of the following can be used to allow an organization to manage the compliance of resources across multiple subscriptions?', 'SINGLE', 'MEDIUM', '2026-01-25 19:06:53', 1),
	(44, 1, 'Your company is planning on setting an Azure environment by setting up a subscription and Microsoft Entra ID. They need to purchase a low-cost option support plan. The support plan needs to ensure 24*7 access to support engineers by phone or email. You suggest opting for the Basic Support plan. Does this support the requirement?', 'SINGLE', 'MEDIUM', '2026-01-25 19:07:26', 1),
	(45, 1, 'Your company is planning on setting an Azure environment by setting up a subscription and Microsoft Entra ID. They need to purchase a low-cost option support plan. The support plan needs to ensure 24*7 access to support engineers by phone or email. You suggest opting for the Standard Support plan. Does this support the requirement?', 'SINGLE', 'MEDIUM', '2026-01-25 19:07:45', 1),
	(46, 1, 'Does Microsoft release most of the Azure services in private preview before being introduced in public preview?', 'SINGLE', 'MEDIUM', '2026-01-25 19:08:00', 1),
	(47, 1, 'Is it true that Azure services released in public preview can only be managed via the Azure command line interface?', 'SINGLE', 'MEDIUM', '2026-01-25 19:08:14', 1),
	(48, 1, 'Is it true that an Azure service that is released in private preview is made available to all Azure customers?', 'SINGLE', 'MEDIUM', '2026-01-25 19:08:31', 1),
	(49, 1, 'Is it true that an Azure service that is released in public preview is made available to all Azure customers?', 'SINGLE', 'MEDIUM', '2026-01-25 19:09:37', 1),
	(50, 1, 'Is it true that an Azure service that is released as generally available is made available to all Azure customers?', 'SINGLE', 'MEDIUM', '2026-01-25 19:09:55', 1),
	(51, 1, 'Can a single Microsoft Account be used to manage multiple Azure subscriptions?', 'SINGLE', 'MEDIUM', '2026-01-25 19:12:09', 1),
	(52, 1, 'Is it possible to merge subscriptions into a single subscription?', 'SINGLE', 'MEDIUM', '2026-01-25 19:13:16', 1),
	(53, 1, 'Would a company be guaranteed a service level agreement of at least 99.9% for paid Azure services?', 'SINGLE', 'MEDIUM', '2026-01-25 19:13:29', 1),
	(54, 1, 'Could the company increase the SLA for their resources by deploying resources across multiple regions?', 'SINGLE', 'MEDIUM', '2026-01-25 19:13:40', 1),
	(55, 1, 'Could the company increase the SLA for their resources by purchasing multiple subscriptions?', 'SINGLE', 'MEDIUM', '2026-01-25 19:13:55', 1),
	(56, 1, 'Is it possible to move virtual machines to a new subscription?', 'SINGLE', 'MEDIUM', '2026-01-25 19:14:09', 1),
	(57, 1, 'Would the removal of the users from the account help reduce the cost?', 'SINGLE', 'MEDIUM', '2026-01-25 19:14:23', 1),
	(58, 1, 'Would the removal of the user groups from the account help reduce the cost?', 'SINGLE', 'MEDIUM', '2026-01-25 19:14:40', 1),
	(59, 1, 'Would the removal of the public IP addresses from the account help reduce the cost?', 'SINGLE', 'MEDIUM', '2026-01-25 19:14:55', 1),
	(60, 1, 'A team member currently has a laptop that is based on the Android OS. The team member wants to create a virtual machine in Azure. The team member decides to use the Azure portal to create the virtual machine. Would this suit the purpose?', 'SINGLE', 'MEDIUM', '2026-01-25 19:15:35', 1);

-- Dumping structure for table quiz_db.topic
DROP TABLE IF EXISTS `topic`;
CREATE TABLE IF NOT EXISTS `topic` (
  `topic_id` int NOT NULL AUTO_INCREMENT,
  `topic_name` varchar(100) COLLATE utf8mb4_general_ci NOT NULL,
  `description` varchar(255) COLLATE utf8mb4_general_ci DEFAULT NULL,
  `created_at` timestamp NULL DEFAULT CURRENT_TIMESTAMP,
  `is_active` tinyint(1) DEFAULT '1',
  PRIMARY KEY (`topic_id`),
  UNIQUE KEY `topic_name` (`topic_name`)
) ENGINE=InnoDB AUTO_INCREMENT=2 DEFAULT CHARSET=utf8mb4 COLLATE=utf8mb4_general_ci;

-- Dumping data for table quiz_db.topic: ~0 rows (approximately)
INSERT INTO `topic` (`topic_id`, `topic_name`, `description`, `created_at`, `is_active`) VALUES
	(1, 'azure-az900', 'azure az900', '2026-01-25 17:43:44', 1);

/*!40103 SET TIME_ZONE=IFNULL(@OLD_TIME_ZONE, 'system') */;
/*!40101 SET SQL_MODE=IFNULL(@OLD_SQL_MODE, '') */;
/*!40014 SET FOREIGN_KEY_CHECKS=IFNULL(@OLD_FOREIGN_KEY_CHECKS, 1) */;
/*!40101 SET CHARACTER_SET_CLIENT=@OLD_CHARACTER_SET_CLIENT */;
/*!40111 SET SQL_NOTES=IFNULL(@OLD_SQL_NOTES, 1) */;
